,BRIN,Schoolweging,KwaliteiOnderwijs,Topic_0,Topic_1,Topic_2,Topic_3,Topic_4
0,00BB,33.49,5,0.044198225104072515,0.05181589662913728,0.02619593056279779,0.0,0.027370487612011836
1,00BW,28.36,5,0.03236946147690574,0.06695488082797203,0.004269592993800932,0.011195126024782297,0.026263802429631108
2,00DO,32.85,0,0.01502605761358042,0.12211564548809731,0.00812793084050329,0.012248094252714425,0.01769348242815671
3,00FI,31.1,0,0.025398536944259642,0.084340867236369,0.02188436178874557,0.011363073503327855,0.026620853634199613
4,01VG,30.35,5,0.02585168322083171,0.07241626791982,0.035510624445184005,0.005146380703077027,0.024228984064915124
5,01VG,21.94,5,0.02585168322083171,0.07241626791982,0.035510624445184005,0.005146380703077027,0.024228984064915124
6,01XU,22.51,1,0.0,0.1248735459828966,0.0,0.001380783772307321,0.00945993492009514
7,03AH,29.93,5,0.04077944501215564,0.0,0.19524455344952263,0.0,0.0
8,03AI,26.01,0,0.051404140674302996,0.044955717254841515,0.01718058929067991,0.02748400833172597,0.029526637389384682
9,03BA,25.04,5,0.06537762831098295,0.0,0.15793566588539595,0.0,0.0
10,03BS,29.7,0,0.0,0.008865495487100031,0.2217478317173692,0.0,0.0
11,03DJ,29.06,4,0.06603761009911112,0.04544068307579847,0.02636500877161907,0.0041866260412475485,0.024850037946906725
12,03EI,32.85,0,0.05173706591740192,0.03691224536846316,0.00428750621841061,0.014101929585769174,0.014967238626711904
13,03HA,28.58,0,0.006006880168981452,0.021820031766619872,0.19784025832696192,0.0,0.010985791731549765
14,03HD,30.98,0,0.0,0.14878402874847163,0.011867988019800702,0.007983847915626095,0.0008164494205873661
15,03JL,32.06,0,0.0,0.014498456559915218,0.20733494315524298,0.0,0.011497928663863118
16,03KT,29.03,0,0.08341707440022549,0.030905408301452126,0.006010331821322452,0.0011719698377284672,0.01792415960026831
17,03OK,32.84,5,0.0,0.0,0.2381155618712703,0.0,0.0
18,03ON,37.3,0,0.014520681814977343,0.09731013255778508,0.025316588070348898,0.022621878966092048,0.025008068686128603
19,03PH,27.39,5,0.0,0.0,0.0,0.0,0.3051167060729454
20,03PQ,31.14,0,0.029855102077045597,0.07612914432484706,0.07356198438426607,0.00479313301592216,0.00485099245502724
21,03PS,22.46,3,0.13506232599754722,0.010298197155647757,0.0,0.00010007545169638968,0.0
22,03QA,31.03,4,0.12978841312466394,0.0070405409025815725,0.0,0.0,0.0
23,03QF,27.99,5,0.021970731325041425,0.014533613611068199,0.1835001522526559,0.003999496822837354,0.001602810802506639
24,03QR,26.44,5,0.0,0.01160612049714841,0.2122153023480734,0.009498728721814623,0.01023408641410664
25,03RO,30.27,0,0.03755721004170902,0.08364081178226318,0.02514455245279062,0.010252711054570257,0.0356121207471593
26,03RO,26.26,0,0.03755721004170902,0.08364081178226318,0.02514455245279062,0.010252711054570257,0.0356121207471593
27,03SB,28.87,1,0.0,0.17803411384825535,0.0,0.0,0.01638681636744923
28,03SV,27.7,0,0.0,0.021508484311170334,0.2196105433662377,0.0,0.005184018556651796
29,03TD,30.36,4,0.08192086534021087,0.0188776420438603,0.013675975984097801,0.02802387377398219,0.007042251419470765
30,03TJ,26.61,1,0.0,0.1834988565095761,0.0013168144952844492,0.0020821414344446834,0.0
31,03UN,27.26,0,0.025069484687927246,0.054417460299804266,0.08792939433626383,0.005756959334601018,0.01333732907169016
32,03UY,29.07,5,0.10436315630331373,0.0,0.1153799563504834,0.0,0.0
33,03VA,28.93,5,0.046863905948939334,0.056691661251762684,0.011632539319412348,0.036075362165221156,0.03428985190201905
34,03VB,28.97,0,0.05195917420772601,0.06506059870542037,0.012605082531120245,0.018793715399189583,0.03355692700668377
35,03VC,33.58,0,0.0,0.0029667743927010953,0.22432952597254832,0.004061893841352339,0.002368804806040497
36,03VH,28.8,0,0.05704292802808946,0.04162911274208703,0.01667441372518442,0.03654738102448247,0.03541423255215275
37,03VL,27.97,5,0.0,0.01843431204149758,0.21960789027818395,0.007506896374491832,0.0
38,03VP,28.3,0,0.0689957030114436,0.048322277631242944,0.02522589322551333,0.02944781361200868,0.02345314225159699
39,03VT,29.69,5,0.09412063897005545,0.0,0.10203884102750721,0.0,0.0
40,03VW,29.36,5,0.026954533790910933,0.0,0.20203753855203838,0.0,0.0
41,03WF,27.04,0,0.028375355334925703,0.012296265900701464,0.1685981113583893,0.016379423574279937,0.0005867436557431802
42,03WI,25.61,0,0.049317905707454035,0.0,0.16499422829657398,0.0,0.0
43,03XI,28.79,1,0.003944585355947661,0.1527876147487613,0.00966478611380935,0.004764045695269776,0.0
44,03YB,27.94,0,0.05581641163344397,0.058572939821801236,0.021458370022370502,0.0023209095654506554,0.0209684317103654
45,03YM,23.88,5,0.0,0.00385443090087713,0.2218350884357427,0.00224962306975282,0.001087161280225611
46,03YS,29.19,4,0.03838621688514104,0.004967542992417033,0.16542356504439004,0.0071992995860934725,0.0
47,03ZB,30.59,0,0.03525376061364122,0.057031917075774215,0.025072067062660124,0.021283084986593818,0.017091622766665586
48,04AA,24.13,0,0.007234729255155083,0.14362315689401145,0.014310978479667377,0.0,0.049779539816410284
49,04AZ,26.81,0,0.06242370682528852,0.05796177991408503,0.014863386862192098,0.03916566209270294,0.012120196119444194
50,04CN,30.41,0,0.0,0.008904947324722457,0.2172771112419679,0.0,0.0009065074403453291
51,04EC,27.55,0,0.04673297859034207,0.06505598787015708,0.011765147117298858,0.022890388199795653,0.009927264611856078
52,04FD,24.03,4,0.09799168978127147,0.019726576696736824,0.005438652097121967,0.015194996924628116,0.0019513883236399019
53,04FI,38.22,1,0.0,0.16820482901091324,0.0,0.006293631868675265,0.027450061259897983
54,04GX,29.96,5,0.0,0.0,0.0,0.0,0.3113392805760106
55,04JI,29.56,5,0.0566744617303622,0.0,0.1586361585177567,0.0,0.0
56,04JJ,33.26,0,0.0,0.029909960848759135,0.19661106890851257,0.001670350014725871,0.016808148020884053
57,04JV,25.63,1,0.0011211203894072057,0.17582849475348786,0.00680811072785236,0.001521355403809372,0.022659111148331867
58,04KI,24.44,5,0.0357920853687522,0.0633174994192805,0.014710573880828288,0.014907576777089116,0.03916311882617075
59,04KI,26.73,5,0.0357920853687522,0.0633174994192805,0.014710573880828288,0.014907576777089116,0.03916311882617075
60,04KU,29.34,4,0.01859066783951418,0.0,0.2140601121750894,0.004621174849289971,0.0
61,04LB,29.05,4,0.1361800681098713,0.0024750914425309247,0.0,0.0,0.0051873299065614
62,04LK,27.05,0,0.015076019889804533,0.0918041983783894,0.018235364503360132,0.0056976779907179954,0.0323764668856047
63,04LP,24.74,1,0.0,0.18036674566579047,0.005061247536835617,0.0004983149206178205,0.0
64,04MF,24.12,4,0.07449979081834002,0.043485934044545094,0.04329751584028206,0.013083584256790442,0.00012737762084302385
65,04NU,37.59,5,0.0,0.013522845259511711,0.0018494446169234223,0.0,0.2684348711147559
66,04NV,33.31,0,0.05781178548347855,0.0575348391715415,0.03655125931836941,0.0024342519560752005,0.021750565626734154
67,04OE,27.67,0,0.114003060075608,0.02757926778573784,0.007539416657349495,0.009556747875274758,0.009848903534069932
68,04OR,29.06,5,0.020131251015145905,0.07090849111376947,0.012988039834087542,0.018840087687947274,0.049747482153327124
69,04QH,24.06,5,0.008402684868883249,0.010830887640207128,0.1950415549596383,0.0,0.0
70,04RV,27.69,0,0.052884603884295646,0.05027522168879149,0.009684431669478064,0.018331015553216035,0.03665067290420381
71,04ST,28.67,5,0.035749834668914716,0.06144822767073378,0.010512553882600209,0.023728669625840797,0.05294753087052587
72,04UH,28.37,5,0.0,0.04088554127654365,0.18185017496794967,0.005124994498106906,0.006759841515174092
73,04UL,30.54,0,0.0,0.005255476084820128,0.22601281393737388,0.0,5.81684153109522e-05
74,04VH,30.19,4,0.12752179878317746,0.0,0.010095126952611885,0.014276141598014125,0.021522914925927172
75,04VI,28.87,0,0.02267375212606247,0.059956448190086886,0.04060654288182573,0.026552799309654204,0.03206053245332165
76,04YU,33.49,5,0.0,0.0,0.0,0.0,0.3332629175870066
77,04ZO,30.23,0,0.0109445917876445,0.013356872083081712,0.19233231244926968,0.003002006792168272,0.009765735832181635
78,05AT,32.89,5,0.019886823889822852,0.013625943307776566,0.17167955866171475,0.00620127520462341,0.0019185233255247483
79,05BJ,28.83,1,0.010592306999842331,0.1473503079851215,0.015330853704145709,0.009364609410600848,0.006508871551100386
80,05DA,30.71,1,0.0008215971441323116,0.17912975379081605,0.004343575271343467,0.0,0.0
81,05DB,32.4,0,0.051010217963322675,0.05688032027716822,0.006385218026011337,0.005325598909541026,0.012336060314473997
82,05DQ,31.25,0,0.049982762486099654,0.042597385247522976,0.02176676295269381,0.03487823390642632,0.03327734630876963
83,05DV,37.95,5,0.0,0.007419143321317876,0.0,0.0,0.3140097603389364
84,05FM,27.99,0,0.0,0.0008319192645977624,0.23781481993116121,0.002313402039178393,0.004748387933263218
85,05GH,27.56,1,0.0,0.16271408867218562,0.0,0.007837495047987631,0.0028170553671793314
86,05GK,28.18,1,0.0030489808662155045,0.16437467379766074,0.014034146763276202,0.017479151402220595,0.01195317334424881
87,05GP,28.19,0,0.04556845092770562,0.08274171693409199,0.008860319761352419,0.023531065060475895,0.01949332900627096
88,05JG,28.36,1,0.0,0.18439770576066725,0.002694110306079981,0.011493763281657226,0.0
89,05JW,26.6,5,0.05940525997105125,0.06212674396649867,0.026988449815055823,0.01276071976435252,0.014233749416645942
90,05KX,34.1,4,0.07680185991534023,0.03910129248262936,0.02338789981357441,0.0056383807908342454,0.007818240275355149
91,05LL,30.77,0,0.023385108437819546,0.08664098901515689,0.014788419603863168,0.020863910964879075,0.044452727416208114
92,05MT,31.94,0,0.05046573081792635,0.0488164222363549,0.013740296925107772,0.031248725954556043,0.030952447676267075
93,05NU,29.58,5,0.11476413847535036,0.004263794586591442,0.004238327979442588,0.0054195078277876315,0.0056019212475533365
94,05NW,29.57,5,0.06460709409593406,0.046743688608719115,0.008629953620912295,0.030527498443586924,0.022650837681482953
95,05OF,28.97,1,0.0,0.16974642917859947,0.0,0.0,0.0
96,05OM,27.44,5,0.05089937153994379,0.00025770397660654495,0.16356391312359247,0.0031142186017535014,0.0
97,05OM,30.43,5,0.05089937153994379,0.00025770397660654495,0.16356391312359247,0.0031142186017535014,0.0
98,05OZ,26.66,0,0.05922499855447083,0.044467546929873834,0.0284495725323027,0.012892883654767219,0.015427156603712812
99,05PA,28.82,0,0.019040561126226017,0.0738370628697476,0.05161441478470804,0.0012870857358783197,0.016566424825948448
100,05PS,29.3,0,0.05118298215238583,0.059861739514829725,0.0068558314280181875,0.013613370539599013,0.03327721083099919
101,05PX,30.19,5,0.0,0.017302461959890807,0.20327798449565243,0.0,0.014595513317848764
102,05QH,30.04,0,0.0,0.014976625199645884,0.21887959045062874,0.005209543696736112,0.007182815426469232
103,05QU,32.36,5,0.0,0.009910670053733653,0.01999175930175864,0.01640716442494788,0.25495775372492063
104,05RN,28.27,0,0.040554598690321894,0.06522665526384049,0.04233380585266762,0.00615278968398332,0.030225444801816267
105,05RS,31.57,3,0.14601315932319708,0.008989122434026326,0.0,0.0,0.0
106,05RY,26.61,0,0.0,0.011652749523702884,0.22628945095087147,0.0,0.0038366530521559946
107,05SF,29.04,0,0.03565433980931682,0.00015338290753820821,0.18668143619646188,0.007903370501206234,0.0
108,05SR,31.2,5,0.0,0.17205843375548036,0.0,0.0,0.0
109,05TF,29.94,0,0.0,0.017758527363976827,0.21208823189156562,0.005124628618020463,0.002616594541571263
110,05TN,31.65,5,0.0,0.009901175030007925,0.2217820573113694,0.0,0.006732371446273101
111,05VK,30.02,3,0.07602024408426218,0.0,0.15332529157465408,0.0,0.0
112,05WB,24.64,4,0.10090862233853322,0.03968487206592034,0.0,0.01751919920672464,0.0
113,05XE,31.51,4,0.08427247585268756,0.04648337217835739,0.014978420923148402,0.007356501107029625,0.005536828256520422
114,05XX,31.05,5,0.0,0.0,0.0,0.0,0.31421713648214056
115,05YD,30.33,5,0.0,0.013391826031276114,0.0007402619235076518,0.011374774660990536,0.2896786996618996
116,05ZW,30.94,3,0.04094583646530651,0.0027273576820935064,0.00020523632538199533,0.01814108337366348,0.04038003389034026
117,06AF,26.25,0,0.04603821584614751,0.05267993883553926,0.018648365299984843,0.03347182253993519,0.030448124858029633
118,06AN,29.98,0,0.04595062687118697,0.05473597571208683,0.01440942562612544,0.01849328365895231,0.025801194015380464
119,06BX,31.37,0,0.03517054138854046,0.08386585233718856,0.0024320760981661493,0.028846754200765153,0.020625060490121666
120,06CK,34.6,1,0.0,0.17819825508231668,0.0,0.0,0.0
121,06CS,34.16,0,0.0,0.05079257545455461,0.17071985808312734,0.020663163262871143,0.003697042353440781
122,06CX,28.3,0,0.0,0.009141952007728087,0.22737118310242432,0.0,0.010394037993534505
123,06DN,28.53,5,0.0,0.011375175916736919,0.21949136872704686,0.005245842418945223,0.0
124,06DX,24.79,5,0.07169205254745757,0.0,0.12653238217732163,0.0134511485189411,0.011713464582889216
125,06FO,31.86,0,0.1091601022233185,0.013727166471851356,0.0,0.009295683080815699,0.0012842811618370613
126,06GH,30.86,1,0.014170203645260806,0.11979395104880383,0.0029614360017953265,0.022601743489589644,0.05111681026039838
127,06IS,28.16,1,0.010310810230053473,0.1215288136418565,0.003951280690022095,0.01516853509968433,0.055840103715795834
128,06IW,31.83,0,0.09342396210596092,0.013992563140481978,0.033624439889090675,0.01357875088417563,0.0021634158041317635
129,06IY,29.75,5,0.034441672759283656,0.0770173396030463,0.008763056977643456,0.015017881184602119,0.031148404286603957
130,06LV,29.7,0,0.047207194949274056,0.05865389964725162,0.030310340450910564,0.009264703336902378,0.016986074336617942
131,06LY,28.39,1,0.0,0.17275829505816814,0.0016208534360626554,0.0,0.007761959180706777
132,06MI,34.07,0,0.03102874839202989,0.06694470604842512,0.019968785362779684,0.03584174224221878,0.03382608818182194
133,06MJ,36.07,0,0.03572637442343879,0.07699755220224541,0.01411757973493453,0.03004804112577004,0.03381413692953166
134,06MY,27.65,3,0.1512373379494717,0.0036480576100666106,0.0,0.0,0.0
135,06NO,24.1,1,0.0,0.18129544647091808,0.0,0.0,0.0
136,06OF,25.06,5,0.0,0.14427285038487184,0.0,0.0,0.026311070391607697
137,06QF,26.02,5,0.06235610946126918,0.0,0.14371121271539888,0.0014717085317414735,0.0
138,06QH,32.76,0,0.03179816512461754,0.0777036900978431,0.031143472020380987,0.01605467290590179,0.02857511044244196
139,06QY,24.6,4,0.08657372709590981,0.025849898094556154,0.04380135028117398,0.008932376149788228,0.00515635226898215
140,06RL,30.98,0,0.06884044899852869,0.051651357640133504,0.02079514404912725,0.0105376011873941,0.016370519476750407
141,06RU,27.25,5,0.02448875767925614,0.0,0.21268948931527967,0.0,0.0
142,06RY,26.71,5,0.08480965123226032,0.04299386878073651,0.004763817390943942,0.022054260704986763,0.020334920697318806
143,06SE,29.52,0,0.01632360521661857,0.09590437741253419,0.023922132241552183,0.0163833909901568,0.03861039524606999
144,06SQ,32.78,5,0.028801594337996134,0.06131847316076741,0.017726235562732805,0.030569749233032534,0.03167961897612888
145,06UD,20.96,0,0.04557293682894996,0.07723928037983749,0.020297010859536748,0.00856005148508885,0.017814180393568572
146,06UQ,26.45,0,0.02097845044875707,0.10383631695525541,0.012469209496260888,0.009912954011886495,0.009387463316211988
147,06UW,23.07,5,0.02144281065205847,0.026230886578866196,0.1604224007198115,0.0005516077715957791,0.0
148,06WH,29.81,0,0.038683984432708485,0.07713818953615732,0.029715077192313283,0.010444212345112523,0.03352917436960865
149,06WV,31.1,1,0.0,0.18330589311001397,0.0,0.0,0.0208401353993463
150,06XF,27.09,0,0.0,0.0,0.23543180819893372,0.0,0.0
151,06XO,33.89,5,0.03884732610643135,0.06725301045303642,0.03328075011143333,0.032444834234947206,0.02697254124328528
152,06XP,28.25,4,0.08989933440682023,0.032327621148765334,0.029063622084619465,0.007548315714312144,0.02817126564741169
153,06XU,30.39,0,0.0,0.012104008714013391,0.208112417397521,0.006723692278241527,0.01293696334455762
154,06YN,25.37,5,0.0072894228883191225,0.015171726691596665,0.1843661480800333,0.0010116008603221873,0.009004044106649282
155,06YO,25.43,1,0.0,0.16011114201597967,0.0,0.017456908755765704,0.0
156,06YY,29.52,0,0.0036075504534713015,0.0,0.23313243987708174,0.0015829723941892485,0.0
157,06ZK,27.49,5,0.004202059834690617,0.003733842950826959,0.22724333470025412,0.000969453287547,0.0
158,06ZZ,25.9,5,0.05194239259488604,0.0,0.1334593931895903,0.008336496719446916,0.012699660444369747
159,07BC,24.01,0,0.058955483664857325,0.054874654959470984,0.024166275994717084,0.017887669511757017,0.02335137546072006
160,07BH,28.03,5,0.04654611705203982,0.05521879878107829,0.010097634780854414,0.01987553938388451,0.03498612839163681
161,07BH,31.64,5,0.04654611705203982,0.05521879878107829,0.010097634780854414,0.01987553938388451,0.03498612839163681
162,07BO,31.24,3,0.09527600810704284,0.053806249709063905,0.0,0.0014944774124849042,0.0
163,07BX,31.54,4,0.09584127182851275,0.02260863861515925,0.04877939920561971,0.0,0.0
164,07CY,28.24,5,0.0,0.0,0.16678085627268144,0.0,0.0
165,07EG,29.56,5,0.0351355647005902,0.07991161695004026,0.02044483017068083,0.009442063401620586,0.030540036226417263
166,07GC,25.87,1,0.04806290862174454,0.00864642246010177,0.15088732966206755,0.011227624038806235,0.0
167,07IH,36.86,0,0.0,0.1724920172997701,0.0,0.0,0.0
168,07IZ,30.59,0,0.06446895360647306,0.05331093375960662,0.015033761370815885,0.010039356320482183,0.02393972577409351
169,07JH,28.14,5,0.005621675342054582,0.007692898334581861,0.20312807807167718,0.008805643794973589,0.0025416054302772628
170,07LZ,31.93,1,0.0,0.1650417267534159,0.011659502927553802,0.010429125789275002,0.0
171,07MC,30.12,0,0.0017006389947589603,0.16761955880399493,0.004158285062510681,0.0,0.0
172,07MQ,29.13,1,0.0010049509121079195,0.18423278420374872,0.011784828817496977,0.0,0.0
173,07MY,31.74,1,0.008002251076724753,0.16018915676480455,0.007709172467837218,0.010310359978111845,0.0
174,07NR,29.07,0,0.03741871863989804,0.013475241022107808,0.16746688043971933,0.011178620165246617,0.0
175,07NT,28.17,0,0.14666812777663724,0.0,0.0008316073340480807,0.003091165736687217,0.0
176,07NW,31.05,0,0.09745121910890713,0.0025559899349940195,0.0378492477811647,0.0023613907488426607,0.0
177,07NY,33.32,0,0.03838476994344608,0.07239676345333333,0.05078624200191485,0.008589864717454534,0.018789363802740496
178,07PM,31.0,0,0.015424738399934159,0.013507579445471625,0.16632708519611109,0.005856366415493107,0.0008951244050549525
179,07QO,38.62,0,0.03254895421653263,0.08036507389976177,0.03125969267908943,0.0005177397472714692,0.034598372605709936
180,07RC,20.91,5,0.059932973185175,0.0,0.16039529089125218,0.0,0.0
181,07RH,30.25,5,0.024842877915781793,0.005331549594790837,0.1897925970096661,0.003933956995487322,0.0
182,07RQ,34.39,5,0.0,0.02108598126081413,0.0,0.0,0.3133535683524876
183,07RV,29.47,0,0.08873039243011024,0.02891506244762767,0.0097889213592738,0.008521904206447703,0.019893412209443777
184,07SI,31.91,0,0.009135353203352925,0.001876727209573876,0.18854895454549359,0.008056522233641419,0.006261562128943964
185,07SO,35.9,5,0.0,0.05366462978511458,0.008095754042295468,0.011210977753640048,0.19480023802104277
186,07TM,37.15,0,0.011992374252425919,0.012129623798256224,0.21429096500121006,0.00462588224541589,0.0
187,07UC,39.13,4,0.09741086312815726,0.02609492693621058,0.024037416216815523,0.005078191665137929,0.01991393133967497
188,07UO,36.93,0,0.052739302064863595,0.03484519217838483,0.06126013812632856,0.013460117059222992,0.002857495047484284
189,07VS,24.48,5,0.0,0.008456991206718015,0.22127411634371144,0.0,0.008214327160963986
190,07WP,33.18,0,0.015151777773055689,0.1049678113439408,0.02947308849436878,0.00477874439783896,0.015189637008924388
191,07XG,25.58,5,0.004957548811414833,0.02867786897722994,0.18867494438765636,0.006492202950960764,0.013028504645331744
192,07XH,28.42,3,0.14376152998940644,0.004682174159031156,0.004425590260442825,0.005687251047021173,0.0016917022632290473
193,07XL,28.7,4,0.04500825310676739,0.0,0.1702165300174558,0.005293814640114289,0.0
194,07XY,30.66,0,0.06693455576584492,0.03132802856711522,0.0340661610790495,0.012274547149026325,0.020416799422304174
195,07YE,31.83,0,0.047327389747963924,0.0456423281380488,0.012671854044726191,0.030561536951257996,0.025094721634190353
196,07YK,30.91,0,0.04458256580727385,0.04597086971200709,0.007729261651083246,0.02589234961057429,0.04470308686539994
197,07ZC,29.55,1,0.0074466033107129705,0.13053633707905754,0.0,0.03941955422678422,0.02403211520629765
198,07ZE,29.98,4,0.0567889665943539,0.05958856452406415,0.01765142120539339,0.012872974144086917,0.019981953078695623
199,07ZN,27.61,0,0.01543178977569712,0.09387672021419777,0.03426436643823648,0.007094083639309844,0.039734456266160456
200,08AY,32.92,0,0.05709730674754696,0.050255015265581966,0.014794655206070392,0.01305876013111493,0.017872562025295895
201,08CC,30.82,5,0.012214834496801441,0.012460552217932293,0.006605620227853992,0.020367512852819795,0.01622398851376342
202,08CP,33.5,5,0.0,0.026777037951442068,0.19065015582087308,0.0,0.00958247757567918
203,08DI,32.63,5,0.013939175272010594,0.014117949913824333,0.16975456748819237,0.0,0.043130709993071684
204,08DM,27.19,0,0.007891284601324548,0.10873740870471511,0.0,0.008128268244907132,0.0398906635647524
205,08EN,33.67,0,0.002562251359747672,0.011587974790963618,0.20742329748130003,0.0012662429789702498,0.007446030162288812
206,08EO,20.63,0,0.025766584991144086,0.045698272792283216,0.04087904072288761,0.0038310908506373354,0.056951890529033676
207,08EW,30.18,5,0.01826900059372364,0.0957548178038208,0.009388688745944,0.0172469786546855,0.031535981389716305
208,08FA,29.43,5,0.05809880994870985,0.0,0.14829584497104953,0.0,0.0
209,08FH,26.79,5,0.04950876653057641,0.008864571033540193,0.13188800965777508,0.018436605959652904,0.0024692109407925835
210,08GN,38.18,5,0.10186249342839207,0.0,0.10820559905257933,0.0,0.0
211,08HM,33.0,4,0.07422979918834836,0.04807236005105223,0.0,0.012694525885924722,0.022195999549999935
212,08IC,31.18,5,0.028503380188387027,0.05673529026476448,0.02896143941934027,0.0291789276602479,0.02582647102836143
213,08JE,25.19,0,0.03671242027556708,0.09373073925992252,0.014909225133306598,0.016235387488929148,0.020620132141243468
214,08JZ,24.88,1,0.0,0.16875079178583832,0.0,0.011208743428581002,0.007662758140801325
215,08KN,29.9,0,0.003998406285937428,0.008908138142812426,0.2172491947656167,0.0,0.004227844356196762
216,08LM,29.01,0,0.0,0.008880185577994923,0.2233533786436208,0.0,0.005445271574187931
217,08MJ,35.02,4,0.09470081878206742,0.01905075734363397,0.021562311963850934,0.009490070427781988,0.010333095587434633
218,08MW,35.26,5,8.289219329102275e-05,0.14303131250020606,0.009764058033177477,0.0,0.02708307374247142
219,08ND,30.19,5,0.02929272554648084,0.059072113407645746,0.01575612052422614,0.016852126170600227,0.028823525700904934
220,08NX,26.18,0,0.0,0.007226078151548172,0.21894673270934414,0.0,0.0
221,08ON,32.79,0,0.044329855968366035,0.06214563185279976,0.022380467494224766,0.0272420780959793,0.030634051742176642
222,08PM,31.4,0,0.03922136268519134,0.0573483466787881,0.012003841527020637,0.030830092368346874,0.03672835385085104
223,08QN,27.13,5,0.07640306248783026,0.0037243404719218,0.14391872159270228,0.0,0.0
224,08RD,31.52,0,0.05339377508470176,0.052581753653613,0.015326270723687835,0.0062697296306654235,0.02103799735014274
225,08SP,31.59,0,0.0,0.031821415376984415,0.21310020820560704,0.0,0.0027052949353535416
226,08SY,36.87,5,0.023018496681386155,0.08643736067560641,0.017108323980866896,0.010280154290654913,0.04338775817062135
227,08SY,34.64,5,0.023018496681386155,0.08643736067560641,0.017108323980866896,0.010280154290654913,0.04338775817062135
228,08TE,27.76,5,0.09992833938031463,0.030223479731161018,0.0256693426592732,0.009772253170788128,0.002050265132266383
229,08TJ,29.5,0,0.02580025967222092,0.07465241264947019,0.011395507397888364,0.01148029632721525,0.036581468357598526
230,08TM,22.0,0,0.010884866574523247,0.012327437093859276,0.2121955755073919,0.0,0.0
231,08UN,31.79,5,0.02002613801955469,0.0,0.21494872232977846,0.0,0.0
232,08UP,34.24,0,0.01689383300348803,0.10237145181511721,0.03120107303119739,0.006126317266548838,0.02334589431906547
233,08UW,30.9,0,0.07839946261623185,0.046656900773289905,0.023966078734385176,0.004287468974912,0.019140714326091945
234,08UY,33.41,1,0.0,0.18957812479308062,0.0,0.0,0.0
235,08VH,26.71,5,0.019441165808421097,0.10030871676285794,0.017768938035332117,0.01600492466904724,0.02320033501908287
236,08VH,28.48,5,0.019441165808421097,0.10030871676285794,0.017768938035332117,0.01600492466904724,0.02320033501908287
237,08XL,34.95,0,0.055044584694537275,0.07201762224785262,0.017626766274712453,0.004737138454317863,0.030539623534045948
238,08XR,35.95,0,0.04516799921905488,0.03698452718562042,0.03041152272129734,0.015655044977121495,0.02566481302912329
239,08YN,28.3,0,0.0,0.19402662944913854,0.0,0.0,0.0
240,08ZE,35.97,0,0.08729168413154166,0.0035919996798179786,0.04733764629402717,0.012592777545851213,0.0
241,09AF,29.18,5,0.0,0.033857083413868665,0.004394627019588199,0.01091195504715948,0.2374597703968708
242,09AG,34.5,5,0.0,0.0,0.23973759002255113,0.0,0.0
243,09BP,30.57,5,0.03681190021216226,0.03655294553580501,0.007098263813943346,0.020642073418192578,0.09269362589952856
244,09BV,30.88,5,0.021913570879857108,0.06999175136188972,0.005829945178421706,0.030447074392829083,0.035980377523341225
245,09BY,33.51,0,0.13269359981411094,0.0122517107971617,0.0,0.0012841075516091388,0.03073850294805572
246,09DD,23.06,5,0.03492263491027507,0.06736814058891916,0.025706103462045434,0.007315019513056478,0.010935816706232967
247,09DI,28.21,1,0.0009945579872797736,0.13876344223471854,0.0035225324320394946,0.009888695430794552,0.0
248,09DP,25.17,4,0.0693994510466562,0.038199428561329275,0.007761905587688922,0.003617266107391312,0.061641806902636605
249,09EI,31.41,0,0.023768309576847987,0.06720008977569827,0.02228097805153547,0.017069080672292684,0.04540027142499428
250,09ES,35.63,5,0.0,0.0,0.0,0.0023804130241295847,0.29187277616802326
251,09FO,33.73,5,0.0,0.018339718492572304,0.0012098668994315177,0.003085643126346563,0.23185343870749067
252,09FW,30.08,5,0.0021211060149303636,0.0,0.006737594132303654,0.0,0.25375521534807494
253,09HB,23.84,0,0.02830424949477585,0.06852019213476762,0.03132299385474728,0.016349657589432045,0.020637561722003005
254,09HI,35.75,0,0.0,0.017254402357639483,0.19353919792127014,0.023233654596345396,0.014309531988560763
255,09JP,37.77,0,0.030223709683805833,0.07824195634305821,0.025309975220910327,0.017936276070196516,0.031791782642411136
256,09KD,25.52,0,0.027350142806269143,0.14037352466020553,0.015648967428475928,0.0,0.0
257,09KS,26.65,5,0.12449030577964151,0.0,0.07726382353225,0.0,0.0
258,09LF,29.62,5,0.0374747985814214,0.0,0.18534545894068324,0.0,0.0008125605508151944
259,09PH,24.91,0,0.10423382291007585,0.014756141795413315,0.015260409986694168,0.014618589913919377,0.003774341756329194
260,09QY,29.06,4,0.06776661281227965,0.05210238060063359,0.04380230833949073,0.020014377001041316,0.020542502588690854
261,09RA,34.64,0,0.023351592766338046,0.0025306391651650274,0.1803100819355195,0.005593552945506273,0.0048493242095984206
262,09RR,30.14,0,0.028615053574856265,0.06503544914101975,0.05529451665127757,0.0054138699552200836,0.02629434036754143
263,09RU,35.38,0,0.028634054265068484,0.08827438391777452,0.021725107295000223,0.007236600190353674,0.0346446342170724
264,09SG,36.26,5,0.0,0.0,0.0,0.0,0.3076063422815779
265,09SW,35.49,1,0.0,0.175867639014622,0.0,0.0,0.0
266,09TG,33.5,0,0.039708988604470044,0.07295131091848653,0.026358027654397806,0.018188994267502673,0.028140075089426494
267,09UA,27.81,0,0.04087973109460841,0.0007905326297674295,0.16023490656302178,0.004637610018431194,0.0003985769781300012
268,09VH,29.14,5,0.0,0.03404403423555157,0.1963948659752199,0.0061542183432483875,0.012963101847558214
269,09WN,26.5,0,0.0046015429912698485,0.015465315407731597,0.1805169084439933,0.004964984835535849,4.661442790769451e-05
270,09XC,29.79,0,0.021394510883176718,0.10101814739333399,0.021835086899188876,0.004264033242603224,0.024367325810465666
271,09YI,28.77,0,0.024509114166109177,0.08440378932605824,0.01898726752488339,0.012374069863445707,0.01612913500763617
272,09YQ,29.31,2,0.0706804057261696,0.03969246941756688,0.008447274408183783,0.021880760947277346,0.018786933602687086
273,09ZG,25.62,4,0.0621545569776336,0.0049209582726732716,0.018001788855905154,0.020751468031473035,0.027234512938638877
274,09ZI,33.79,4,0.06320134907492854,0.0350691711827766,0.01263399606004289,0.03097614813031883,0.05842726814156759
275,09ZU,34.65,4,0.07165110061822243,0.05067605975036886,0.02646156473698113,0.018097321820264668,0.0184449161796955
276,10AS,27.64,4,0.09569797375535774,0.019281653698507307,0.0,0.010767754781799158,0.0
277,10BF,30.07,3,0.11198711218385492,0.002779121583971268,0.00786640574454774,0.0018306361237767474,0.0425275414238783
278,10CF,31.87,5,0.01998378039892167,0.0792104902113628,0.0,0.013844324060332513,0.03849623383003351
279,10CJ,32.95,4,0.12358406678430907,0.0,0.0,0.007103912541895581,0.0
280,10CO,32.27,0,0.04536629390131143,0.0476999635538493,0.010887514565281366,0.01699865135962175,0.05173007336311919
281,10CR,31.28,5,0.002009394002260361,0.006546536606647621,0.0,0.0011250914383542925,0.27798667840320823
282,10CY,27.16,5,0.014372733897458821,0.0,0.20601593477281277,0.0,0.028675078666375458
283,10DM,28.85,3,0.10744319125983917,0.023856343156100995,0.02608737516094546,0.0,0.01583173025696619
284,10DX,30.47,5,0.0,0.006389219210567056,0.22717654009159152,0.0,0.0
285,10EC,33.85,0,0.024080906690244985,0.0074114804862364355,0.1994510413202286,0.004594151324777542,0.005222951712576744
286,10EE,30.23,5,0.0711704808635685,0.0,0.16112995709282946,0.0,0.0
287,10EJ,29.59,4,0.04408263856474814,0.055009106176045035,0.030919008816368915,0.01074383208866734,0.042271811461266975
288,10EZ,37.62,0,0.02289770717495935,0.0760256287370554,0.01717040253992089,0.027109560432817058,0.04126191034245116
289,10FJ,29.84,0,0.04265760698306627,0.052060414286079784,0.0,0.03362137956292301,0.02307940020740618
290,10FY,30.65,0,0.08407906223704936,0.05163220396622519,0.0006300076913838257,0.02339636784782892,0.019533153828435585
291,10GR,26.33,5,0.02162992964159678,0.06430516301952172,0.030933353649997115,0.02588993005982056,0.03260192239798807
292,10GZ,30.13,5,0.027365162621310442,0.07463488289022495,0.03506987937104506,0.027645128362970322,0.04647965044005045
293,10HG,36.64,5,0.01939729352462165,0.08759134414355714,0.021942192083094742,0.00939401969862245,0.0382628125876149
294,10HM,33.01,0,0.01640665455971673,0.08703989881918486,0.04029662208866534,0.020829320104073876,0.03219053905716366
295,10MB,32.66,5,0.0003934801646328248,0.0,0.0,0.0,0.3212994694003389
296,10QX,32.89,1,0.0002423293716788796,0.15538005226203944,0.002610913586593265,0.004090444719763458,0.008790563174421815
297,10RL,29.35,5,0.0,0.03940884284905723,0.18003887297896792,0.0038031353458650784,0.02473509230890904
298,10RS,25.75,0,0.022378432865682037,0.08799663601158171,0.022652187533758743,0.012554320355071006,0.028974676718178622
299,10SO,30.99,5,0.0,0.15154073452297528,0.0,0.017815413321599857,0.017572374055578998
300,10SO,31.65,5,0.0,0.15154073452297528,0.0,0.017815413321599857,0.017572374055578998
301,10UK,37.88,0,0.026233253732918915,0.08793848479289373,0.01821775289811144,0.009680158604034468,0.042033896480347284
302,10UW,28.91,1,0.0,0.17521585916541213,0.0,0.029285277360400937,0.001056722066523529
303,10WI,27.35,1,0.0,0.19684901004462166,0.017595402501562326,0.00034845923799488716,0.0
304,10XS,31.52,5,0.0,0.0,0.0,0.011791578091704745,0.27030238726240946
305,10YH,26.56,4,0.03407883048350641,0.0,0.18712313742562775,0.01050685412513581,0.0
306,10ZN,34.37,3,0.13377237753131033,0.014522171044888043,0.0009028258642412061,0.012930103649684003,0.0
307,11AM,24.93,0,0.00724181722478514,0.00016255967580049936,0.22861364703157985,0.0,0.006318833895251902
308,11BF,31.45,1,0.0,0.15287021348296193,0.013433141666964656,0.019140867856293563,0.029695357775202515
309,11CB,33.18,0,0.08283759180577742,0.041144993562014565,0.0078736456498167,0.021182732523449953,0.023892391395883974
310,11CZ,31.4,0,0.03972124035243312,0.09631241238804025,0.03634850032273542,0.005842659870708664,0.011931704277373766
311,11GF,34.53,5,0.0,0.0,0.0,0.0,0.3080998674783005
312,11GH,30.27,1,0.0,0.17116067876807337,0.004836412031187879,0.009598841712957879,0.00973473776824404
313,11GK,28.64,0,0.0,0.006754800913923551,0.22671405952884405,0.0,0.009623508030983061
314,11HD,26.56,5,0.0,0.1838529686098477,0.0,0.005446584482572045,0.0
315,11HD,28.02,5,0.0,0.1838529686098477,0.0,0.005446584482572045,0.0
316,11HH,28.81,5,0.0,0.011327181921690936,0.20612780033948308,0.014444254736760196,0.005613682351201899
317,11HS,30.71,4,0.06029168756883614,0.03833619030984781,0.04263829333113191,0.013665014981134878,0.0632176533351237
318,11HS,29.8,4,0.06029168756883614,0.03833619030984781,0.04263829333113191,0.013665014981134878,0.0632176533351237
319,11IP,34.31,5,0.0,0.019951936450689253,0.20987988780126052,0.01583906931988266,0.005841193793689582
320,11JR,38.69,0,0.09390765441038815,0.026721048709785512,0.019920594507684044,0.015547060223612621,0.03212432345577847
321,11KN,34.07,4,0.10598874912925442,0.011359939558668281,0.023503154032458826,0.012339328996886797,0.0007892545169334382
322,11KQ,27.86,5,0.04469875406520687,0.0,0.18365522976069829,0.0,0.0
323,11LE,31.36,1,0.0,0.1768959273293589,0.023621952106406278,0.0,0.0
324,11LI,32.65,5,0.0,0.0,0.0,0.0,0.31300295694633057
325,11LL,35.56,5,0.0,0.019691635501988488,0.2114679317526591,0.013052565848003305,0.007003423706929008
326,11MC,32.06,0,0.02322687741767067,0.0981595811179252,0.00564884223693394,0.027667744386958126,0.026052830533550047
327,11MD,31.71,4,0.053353697017622305,0.05303209803232746,0.018473420159335174,0.012636179700548547,0.04522225680370907
328,11MW,32.83,0,0.0330159341057726,0.0771670321845339,0.028557022715093257,0.008415313544206939,0.020746950086794304
329,11OE,33.72,5,0.0,0.011951437463925794,0.0019526597247463363,0.01208359568243283,0.2643063733215344
330,11QU,29.88,5,0.018761602488199112,0.0007676311734577543,0.1930749137424955,0.0020324555659654163,0.0
331,11RJ,29.02,0,0.0,0.02227293697181608,0.21664293012580368,0.0,0.006803878063597681
332,11RO,27.9,0,0.09806100328287586,0.02748870764981112,0.008423830907386238,0.0021808971549126172,0.011078234628925683
333,11RR,37.67,4,0.10990493172626234,0.026772542623990526,0.005881798097787185,0.0006744312497118367,0.010125936711549394
334,11SK,24.21,4,0.044645486900723834,0.06030692942344033,0.03248720194420923,0.006621330944672089,0.04192784764412186
335,11SY,34.2,0,0.0,0.0,0.2279229377703721,0.0,0.0
336,11UO,28.22,0,0.0,0.016509888480531032,0.20310579158014597,0.002777685789533061,0.015527403119645173
337,11VZ,33.05,5,0.0,0.0,0.0,0.01019993137659764,0.30242628491050805
338,11XM,30.87,4,0.06658095910733106,0.04556085620012388,0.05538714589270683,0.005336269617623719,0.008496547982968073
339,11XQ,27.48,5,0.004770109573127755,0.01741017398775967,0.21288845790709227,0.0,0.0
340,11YE,30.34,0,0.019981687775892005,0.01208287178428488,0.1887349516616474,0.004494085320935254,0.0
341,11ZL,29.96,0,0.0,0.0,0.2339262188814864,0.0,0.0
342,11ZM,36.05,5,0.0,0.003146851848042741,0.000499722820023129,0.0,0.28692996202246
343,12AR,21.75,0,0.05738170879786099,0.04619118450440011,0.023741963968407446,0.03157118417296282,0.03231092844459757
344,12CK,30.67,5,0.03788626787521783,0.08548781940296771,0.006653319872665456,0.02419642634050822,0.023141668378808156
345,12DO,32.07,4,0.062068987598701296,0.07276213102044186,0.02574526384731127,0.0,0.015574554614931058
346,12EA,23.79,4,0.15169587664981557,0.0,0.0,0.0,0.0
347,12ED,33.39,0,0.06238427744979866,0.03295958406591873,0.011512744212429732,0.0,0.03956949858532732
348,12EF,27.67,4,0.055708082389947594,0.044577998127538584,0.020114001049892277,0.00769800323187483,0.02370586810732401
349,12EG,35.78,5,0.015363682336766677,0.06711562051229536,0.028741149922891972,0.06072931447289993,0.05039630275471256
350,12ES,29.41,0,0.07243549395346975,0.04636871115682528,0.015898816850984404,0.02341159109407716,0.022918884834452275
351,12EY,29.5,4,0.0999006942812759,0.021359110746676974,0.02816411428034748,0.0048769792628850115,0.00013066041815553833
352,12EZ,30.11,0,0.08353549805284852,0.0442748633797574,0.020374374321629144,0.0,0.02486659958568743
353,12FF,32.22,5,0.0268402580757718,0.005227319229459081,0.1733225769140317,0.0057736706596078794,0.0
354,12FL,25.93,3,0.0907958634400437,0.027379198055418802,0.006072305197659468,0.0033625229783581225,0.013996752598118131
355,12HC,31.53,5,0.09970481041443102,0.005099516206775797,0.012905248212096074,0.01929521906467294,0.03712250872023254
356,12HM,30.27,0,0.06498242314334733,0.03762039593222458,0.009244291126195672,0.023176828125592366,0.017229529705837666
357,12HZ,28.3,5,0.07444651573941476,0.04265703224985093,0.015093768913558315,0.0,0.019829809060547154
358,12IY,34.61,5,0.0,0.0,0.0,0.0,0.3235835815266933
359,12JX,36.63,5,0.042404361491066855,0.06123892935285217,0.03472083541946636,0.02254126007928412,0.029776464479967377
360,12JY,32.22,0,0.022966985990529203,0.09353522956506988,0.009413009197890544,0.005704068088879813,0.02331055133614718
361,12LT,30.05,0,0.11309454949071102,0.0,0.0,0.011162044257027125,0.032959965073370685
362,12MN,30.46,5,0.01258500127420713,0.11361996217442094,0.013353401939253098,0.019859097991705536,0.049204485978320375
363,12MS,29.17,4,0.07631467844653521,0.04896864248638312,0.04005701549109942,0.0,0.011311069696982347
364,12MT,36.63,5,0.0,0.005536413532324912,0.0013886936449838756,0.018787904938811655,0.26527071201715113
365,12NU,29.36,0,0.0010411576792446464,0.14372225532089525,0.010227680120676878,0.0023810621164075917,0.018409458848223585
366,12NX,35.52,5,0.0,0.0,0.0,0.0,0.31393982579343194
367,12PA,28.25,0,0.05822930219089618,0.051055434291899404,0.020655950791628328,0.007840307348005164,0.03822381801560633
368,12PC,29.97,0,0.04438897941827668,0.05576300391870142,0.033310081806155044,0.021515543389606248,0.01900075137793287
369,12PM,34.43,4,0.05189910357268678,0.0,0.16908480805887144,0.0,0.0
370,12PY,36.21,0,0.023280784275931457,0.09371403516931175,0.02366881550614412,0.0,0.037320727433004804
371,12QA,34.5,0,0.046828411197815355,0.048718779667929535,0.07734494648707586,0.006515446339427278,0.013479136322961166
372,12QC,26.82,5,0.0782272191206544,0.0,0.12689297889641982,0.007247483072326081,0.0
373,12QD,30.86,0,0.00413549262331475,0.020030424942505006,0.1929179583440544,0.00420391339303792,0.010790806953896918
374,12RI,35.81,5,0.061665251321534595,0.0052764347056826815,0.13442009257358423,0.01898074723588157,0.006037362313538892
375,12SM,31.7,0,0.11776359363539743,0.017709137266363282,0.004842633540935818,0.009931660467272256,0.005387956328090287
376,12TB,32.46,5,0.006096713448183514,0.0,0.2241963302809503,0.0,0.0
377,12TE,28.33,5,0.0,0.015461421281486174,0.2137528168847937,0.0,0.0033234363895580433
378,12TO,32.24,0,0.09022746044206391,0.03688245577838579,0.011336975577010792,0.007686900526871408,0.01849644254064153
379,12TR,33.82,5,0.004609005805684626,0.11764670983596817,0.006751100057438256,0.04201169557128598,0.04289286390370241
380,12UA,33.53,0,0.1161552133628808,0.01017995337036421,0.0,0.007595042386747129,0.001148099298680497
381,12UZ,36.33,0,0.04505147144519905,0.055674925060056016,0.049736139512368126,0.0005741708692106088,0.028011218305908366
382,12VF,29.62,5,0.0,0.0060723147049079095,0.23111764954340183,0.0,0.0
383,12VV,30.95,4,0.11681346479326324,0.010083197895854573,0.016009061134774096,0.005870971720352733,0.0007366829577069974
384,12WE,36.3,5,0.015807263332403693,0.03401935497002822,0.12444979505383152,0.031239711563636564,0.009627455135218121
385,12WN,28.88,4,0.029783170288386233,0.00183307364067009,0.15887059868801306,0.027193826078963132,0.002922273779361668
386,12WT,35.61,5,0.044181763815157545,0.04646737984526643,0.0,0.03212931298984629,0.02806643318213377
387,12WU,29.62,5,0.015179711008663535,0.006815546887089645,0.20299752483640907,0.0,0.0
388,12XY,29.32,0,0.015056052028107511,0.10192095570285459,0.04454949041028447,0.017604267994797636,0.035672770851044915
389,13AO,32.08,0,0.024569565783056784,0.06652834487725791,0.04604182028467661,0.02428961053710628,0.03642525482761506
390,13AQ,36.0,5,0.017983248747970956,0.09865702699817143,0.027009971870702438,0.024534268602670273,0.032703787728484694
391,13AT,26.95,0,0.05273996539104879,0.06094863542887224,0.026692529985302808,0.012749313142273825,0.03293051873844673
392,13BE,31.44,0,0.0,0.021086718005238276,0.20395825012483612,0.0,0.020482760505821124
393,13BQ,33.49,3,0.14507296895772523,0.0,0.0,0.0,0.0
394,13BR,30.75,5,0.02511440782236435,0.08665361901999989,0.012053060840874217,0.030871292300087977,0.026798586876636908
395,13BU,31.7,5,0.0,0.03565855929206862,0.0,0.01566672322304822,0.23261549750667967
396,13CV,27.81,0,0.12265783625661482,0.006433405495934072,0.0,0.029769822270411306,0.004824195075645973
397,13CY,28.48,5,0.0,0.0,0.0016669639536687647,0.025389173078353294,0.27367691339940575
398,13DS,29.03,1,0.011755809337116223,0.13421625092865133,0.00040516666664655316,0.03260856422320836,0.0
399,13ED,31.6,4,0.05321172054206738,0.05404106037841744,0.013881776714164828,0.011389661904885768,0.032820169220256136
400,13FI,31.41,5,0.01617179372119356,0.0,0.1876540341856579,0.00920528157137986,0.0
401,13FM,27.95,0,0.05776323853388353,0.04985810939830958,0.024284802129075692,0.010989539267820723,0.015218832552573926
402,13FW,31.93,4,0.056373441000687016,0.026275763248899277,0.028384944245193736,0.0006480865294077499,0.06583886178063283
403,13GC,29.53,5,0.0,0.02138955542783844,0.20584777753124514,0.004128635489506141,0.006252525033281737
404,13GW,33.32,0,0.02638972997929019,0.09384752044577319,0.022731101833495342,0.0033252583233767345,0.022480265957721495
405,13IP,34.15,0,0.09745623610377122,0.030324039826044383,0.011152784555297902,0.016680163651622303,0.009561718346884577
406,13JH,29.98,1,0.009742971805645815,0.18136833808987027,0.02464867681757325,0.0,0.0
407,13JJ,29.11,0,0.0,0.017879855367751232,0.20713646600715171,0.0,0.014369551692089635
408,13JJ,27.67,0,0.0,0.017879855367751232,0.20713646600715171,0.0,0.014369551692089635
409,13JJ,31.13,0,0.0,0.017879855367751232,0.20713646600715171,0.0,0.014369551692089635
410,13KB,31.35,5,0.04209308276165619,0.0,0.1971574643169671,0.0,0.0
411,13KR,28.88,5,0.0,0.0004068491455946585,0.23022263531391984,0.0,0.0
412,13LB,37.05,5,0.04604541950273559,0.05410057717511226,0.024516792275373022,0.04918067174429563,0.03072232624522944
413,13MB,31.02,0,0.03473635981396038,0.04979889855988439,0.005200281482165357,0.005191648441939778,0.08813848753204344
414,13MM,28.94,5,0.028907816418483306,0.06734289054578399,0.0008301131154622883,0.008903377135887566,0.039301316729650364
415,13NH,30.06,0,0.0,0.017926463563039053,0.21609413965975494,0.0,0.00040163298865285145
416,13PG,33.64,4,0.09649073673595536,0.04884213801812797,0.026107039312531645,0.0027529033896393834,0.00654271163954348
417,13QG,31.84,4,0.05390113427367461,0.0,0.1541850060250134,0.008495617476293706,0.0
418,13QN,31.94,0,0.0,0.04984788717702726,0.13907719120805798,0.0023592064059002036,0.05553575941313409
419,13QV,32.83,5,0.045353713042860636,0.0,0.1562419240994742,0.007266405138470264,0.015998836933288556
420,13RI,36.48,1,0.0,0.16526712694056706,0.012853845979223722,0.01800061332630055,0.008919679357249315
421,13RY,28.56,4,0.05997271149053088,0.0,0.1441186797910258,0.0057657390740910985,0.0
422,13SQ,31.09,0,0.02282301894886646,0.0781289595493132,0.03101480399172251,0.005667574572633824,0.03646634094296356
423,13TB,35.87,0,0.10470400269908257,0.011199952419918098,0.01637009544169155,0.0,0.02836301795321603
424,13TR,30.4,0,0.04057384829200969,0.059887525452858345,0.015416097227148918,0.03487106203455058,0.0356885258736255
425,13UE,30.75,0,0.02932041045956401,0.05712591819126543,0.02657767373957646,0.017760961762711816,0.03793481764753339
426,13VS,25.81,0,0.0,0.02033893756320064,0.21241319558729208,0.008720021336943436,0.004903983031049463
427,13WR,35.23,5,0.0,0.0,0.0,0.0,0.32681750868514736
428,13XE,32.07,0,0.0,0.0046015770507446705,0.2268761878781056,0.004872534029664359,0.0
429,13XN,31.35,5,0.05350193065372382,0.059188013830958286,0.004477037851448531,0.009642546587398427,0.04457555604792912
430,13XX,27.14,0,0.06261721609688983,0.03975598617424379,0.014815945586734361,0.027213356678426993,0.04564581602596504
431,13YD,35.46,5,0.0014068552841368029,0.12060937484656721,0.0012838771932392756,0.04388593710431667,0.025386665914839734
432,13YH,27.5,4,0.10155298673652983,0.025828742751812975,0.007297708763945,0.0064186176010024715,0.0
433,13YW,33.66,4,0.06758517790811301,0.06004172056151627,0.02664663739785526,0.017731308047018092,0.016176258380380688
434,13YX,33.66,5,0.10287686284609375,0.020503608703268023,0.0165802998056349,0.0016719899172750864,0.009488304402759216
435,13ZB,31.91,0,0.11903503986692893,0.019221826385306857,0.005135090328900271,0.006850797753781273,0.010609544153131659
436,13ZS,33.61,5,0.0033128868556748657,0.018701739136475333,0.0033981338436481897,0.0,0.2396011523782672
437,13ZY,33.77,0,0.027436690777012364,0.08522708171849916,0.055307144500742395,0.026710007185391356,0.01471525951654594
438,14AG,28.0,5,0.05603320453481854,0.009123072875773094,0.15696473138248482,0.00539605123389862,0.009674081663888012
439,14AI,37.51,0,0.047517094066071894,0.0,0.18399369556710843,0.0035601370242485803,0.0
440,14AL,33.42,0,0.0,0.0,0.23494342277943595,0.0,0.0
441,14DJ,31.17,1,0.0,0.17700431776259476,0.011854903846691066,0.0,0.0
442,14DZ,36.39,5,0.0,0.0,0.1954343061550482,0.0,0.04034786223189384
443,14EW,33.36,1,0.005271014692384013,0.17968033965502814,0.01832049887935729,0.0,0.0
444,14FC,36.7,0,0.061511195928412477,0.04857302255961424,0.021102769540277823,0.004239959657658847,0.02314047168385005
445,14FD,26.91,0,0.11838687372738387,0.012581126699553186,0.0,0.0072230029046430185,0.008280182161039503
446,14FR,28.98,1,0.0,0.18536487037631874,0.0,0.0,0.009341257983361025
447,14FU,34.16,5,0.030390620652334478,0.053504893530382014,0.01792409373675607,0.0280384853277376,0.04285675752900502
448,14GL,36.63,5,0.008012409736489508,0.10433348897106491,0.005785942728920349,0.01513385202858506,0.03587216941873692
449,14GR,35.27,5,0.0,0.012866686818879605,0.0003292273889829696,0.00461535695973569,0.24079405579367238
450,14HD,29.55,5,0.02907937863195224,0.0,0.17857325169701443,0.01145399991226827,0.0041556987643498805
451,14HR,33.0,1,0.008953912417147353,0.14219923437488033,0.0,0.02046734154347243,0.01646926438477821
452,14HT,36.82,5,0.0061370560049033495,0.0,0.0,0.003394239375822129,0.25370693651587567
453,14HZ,30.94,0,0.12345760739902421,0.020695840389531556,0.0,0.005468054339884809,0.009417615830060382
454,14JK,35.4,3,0.12119921361773334,0.017305368737316012,0.0002906828917097379,0.007488421640816818,0.0
455,14KG,37.41,5,0.0,0.02491232784470019,0.0029881637092671544,0.004164911081131672,0.24498502975819286
456,14LQ,35.96,5,0.026706882241216447,0.06124669776718625,0.009106783406414775,0.03633548133310163,0.041556664846360114
457,14LR,37.5,0,0.014573509132563498,0.050606796723493205,0.023789582586000498,0.06633225210550364,0.04356903029832588
458,14MR,29.57,5,0.0,0.01658858251479346,0.2164286705070223,0.006229145813164763,0.002471978851368509
459,14MT,37.87,5,0.004183243868118891,0.15484013597545368,0.025920593696510667,0.012315450393180953,0.0
460,14PU,31.96,0,0.0329199666673266,0.0,0.1906569711947908,0.0,0.0
461,14QA,29.36,5,0.0033513840960025425,0.0022141183261080834,0.2257274836661104,0.0,0.0
462,14XR,34.57,0,0.06718658546849403,0.051135461404228234,0.028458012613365526,0.010075435161545458,0.029591820429465482
463,14YB,27.52,0,0.0336520764536891,0.060867912805233515,0.012528179078571343,0.013755511005780418,0.06958293260664078
464,14YX,33.63,5,0.021867643726732243,0.0026191413371477344,0.21170454193215482,0.0,0.009194594526195542
465,14ZA,29.08,0,0.0018147776826704955,0.0,0.22978637122289708,0.0,0.0
466,14ZS,32.49,0,0.05134832483679122,0.05083130856923751,0.01153736109155641,0.02313834096260578,0.05186801132840113
467,15AN,36.49,5,0.000271830546582379,0.11321892990422046,0.011439385476983291,0.05582286532957912,0.025595664131909283
468,15AP,25.17,3,0.13774360475693226,0.0,0.013140781593560186,0.010810913204983601,0.0
469,15AS,32.71,0,0.06200471931086077,0.04194412714563569,0.043465384461917146,0.006766431068083132,0.019922743810457045
470,15BI,29.68,0,0.028080638249188276,0.14746637990919975,0.01888565161386895,0.008910880642574651,0.003394746786703537
471,15BP,32.96,5,0.022758365384263027,0.04862259346037893,0.004516909138256491,0.03742109672746272,0.034929283247143644
472,15BR,37.66,4,0.02581628889907401,0.01458457489451142,0.19883203012818368,0.0,0.003945150630832627
473,15BR,30.96,4,0.02581628889907401,0.01458457489451142,0.19883203012818368,0.0,0.003945150630832627
474,15BT,31.15,1,0.0,0.16896808686816253,0.001823688059599381,0.008564670187154632,0.0
475,15CO,33.12,0,0.10947771284366899,0.008106278970080063,0.018429215788121674,0.01861634592375362,0.010778342171106637
476,15DK,37.93,5,0.0,0.007486458752537825,0.0,0.0,0.277310311316868
477,15DQ,32.12,3,0.15511302207567376,0.0,0.0,0.0,0.0
478,15EQ,38.64,5,0.04107140870403129,0.0,0.1852011193862775,0.0035485508462622497,0.0
479,15FU,30.8,5,0.0,0.010201086636179042,0.009643212058159448,0.0,0.2678658377548791
480,15FZ,36.01,3,0.12993611896676524,0.002936444277186316,0.0,0.0,0.009042406881816544
481,15GH,30.4,5,0.00029617151226003546,0.0014264004380468015,0.006190910422222059,0.005772450126963485,0.31507291147034366
482,15HB,31.71,5,0.0,0.02487820783511034,0.2139121606971121,0.0021800613283688977,0.010714338758295206
483,15HW,36.91,5,0.0,0.0,0.0,0.0,0.3358858890696709
484,15IR,34.07,3,0.13982544115746737,0.006184413708071117,0.005219546319322737,0.0,0.016323318415836074
485,15JW,31.28,0,0.030166197756871734,0.07680908551267868,0.009879454378875406,0.012490347024879306,0.028539229033945644
486,15JZ,30.5,1,0.0019997046315145864,0.16670819979909976,0.00028556725345667223,0.007456302777034502,0.012361417668108778
487,15KE,32.43,0,0.1287828758697594,0.007668019277437286,0.0,0.0,0.0
488,15KJ,37.63,0,0.006171789568947316,0.009049137897409758,0.009252362937723711,0.009492464427474125,0.2347622817003745
489,15KW,29.68,0,0.042454467652724925,0.08776152527189823,0.03832780271512839,0.0037971714665534792,0.017140672443874058
490,15LA,35.72,5,0.0,0.035118011945461394,0.008654018256064475,0.007622721809859611,0.21551891854832342
491,15LC,36.86,5,0.0,0.003783386188989632,0.0014264399570678783,0.0035355713441209673,0.2787177536231957
492,15LV,31.18,5,0.007981073258972656,0.008311201879286727,0.21507495014746997,0.0,0.006728589185141699
493,15LV,31.54,5,0.007981073258972656,0.008311201879286727,0.21507495014746997,0.0,0.006728589185141699
494,15LX,33.97,2,0.0,0.0,0.21889120232758028,0.019132190841920783,0.023521983285636403
495,15MH,27.97,1,0.0,0.18146900579376088,0.015268771703882727,0.0,0.0
496,15MP,25.72,5,0.0,0.02854142811415818,0.21400398630908632,0.0032205440319329924,0.010222758412846839
497,15MU,31.12,4,0.04863556004591193,0.06898272011932037,0.04035857061277723,0.008438469532689362,0.011527511574928281
498,15NJ,24.82,5,0.039049308969498396,0.10010402949070561,0.01735634593554477,0.0,0.02492355310124242
499,15PJ,36.64,4,0.05798106377113937,0.06932829493446777,0.03104342849375337,0.0,0.06245648352713339
500,15PJ,34.71,4,0.05798106377113937,0.06932829493446777,0.03104342849375337,0.0,0.06245648352713339
501,15PX,38.0,5,0.0,0.01735342136785939,0.2257526622737061,0.0,3.939659895516241e-05
502,15QG,31.84,5,0.04519652175288072,0.0,0.17938541942556452,0.0,0.0
503,15QM,26.55,0,0.0,0.008379132493465597,0.2251051676555756,0.0,0.0
504,15RJ,33.34,0,0.04422099946091728,0.06279548133398949,0.04632492961494103,0.014767854906009105,0.018124488884627366
505,15RL,37.17,5,0.0,0.0,0.0,0.0,0.2574831989208744
506,15RP,36.14,5,0.0,0.0,0.0,0.0021795498772379167,0.33666252059589996
507,15RT,33.23,5,0.070353636130562,0.05317561723836678,0.00810655228314417,0.0053668786716303705,0.019307436406747886
508,15SZ,33.58,0,0.06026901284020409,0.0,0.164813102316659,0.0,0.0
509,15UC,35.94,4,0.04492813604198978,0.06204288997517554,0.03411515614812012,0.003679069121996805,0.0418910177550248
510,15UP,31.86,1,0.0,0.17216357368938084,0.02070357091387051,0.0,0.0
511,15UW,36.86,0,0.07583580157774587,0.047429640414525534,0.00614693938853067,0.012109099506564186,0.02521628059737611
512,15VN,35.67,1,0.004292917658315231,0.16658451248214615,0.01675683200107132,0.009731247435277117,0.006055588473628059
513,15WT,38.37,5,0.0,0.0,0.0,0.0,0.315938585323747
514,15WW,37.44,5,0.0,0.004119775724363056,0.004635041774171047,0.004917712987942472,0.2501567361923045
515,15XK,22.35,3,0.07257836126470257,0.0,0.1587909582263181,0.0,0.0
516,15YD,35.66,5,0.0,0.0,0.0,0.0,0.31942240653771703
517,15YG,26.45,0,0.005799825731522269,0.025978350035469985,0.19795839278451405,0.0006876265739264114,0.002259969131217707
518,15YJ,29.88,5,0.03485540283872862,0.0,0.056989535734826464,0.018834622602837286,0.03406114022756436
519,15YO,29.48,0,0.002402805602609829,0.0023597574815674076,0.22502193913309693,0.0,0.009807377567822616
520,15YR,29.97,0,0.057159345677838265,0.05956261541384276,0.014558245413792803,0.017445258752628565,0.02374718293127626
521,15YR,27.88,0,0.057159345677838265,0.05956261541384276,0.014558245413792803,0.017445258752628565,0.02374718293127626
522,15ZC,28.94,5,0.010848869238665956,0.0,0.0,0.004672918715506963,0.2738943862394855
523,15ZD,35.39,5,0.036641457186157626,0.05691202796462339,0.01212498209251108,0.016169942882036718,0.031903210185423525
524,16AF,27.53,0,0.013358857675078285,0.00033560355109022,0.1932335275444195,0.014031605672036117,0.0
525,16BD,28.72,3,0.1446408960862958,0.0,0.0,0.0,0.0
526,16BL,29.81,4,0.07819057269414278,0.0352953917645592,0.025703116353368295,0.0196852529555288,0.021916419917458428
527,16BL,33.71,4,0.07819057269414278,0.0352953917645592,0.025703116353368295,0.0196852529555288,0.021916419917458428
528,16BO,26.5,5,0.0034679901575202913,0.0,0.20209400926198934,0.0024971865726856166,0.004077598505209601
529,16BO,29.72,5,0.0034679901575202913,0.0,0.20209400926198934,0.0024971865726856166,0.004077598505209601
530,16BZ,36.82,5,0.04500618622876845,0.06177458966924417,0.019790158548991674,0.016402158863321362,0.03715265954028865
531,16CA,37.05,4,0.029972235868156043,0.012622840264515595,0.12114414308559844,0.012192965250077641,0.040647522214846896
532,16CC,35.76,3,0.1404992373320703,0.003775763822438903,0.0,0.0,0.009867434829728723
533,16CI,37.41,1,0.0,0.17648143373957204,0.002725493740428228,0.0,0.008009669167685963
534,16DM,37.18,0,0.051772833586807704,0.043261632189818926,0.014692839258447221,0.04980654423514444,0.06014633979616083
535,16DY,34.35,5,0.09012734635283866,0.0,0.09565116991077285,0.0,0.0
536,16DZ,25.27,0,0.0,0.037505273316327574,0.17998744124041244,0.003449856550182881,0.01610225552708304
537,16EC,29.46,4,0.08002322400989599,0.03729341325754511,0.03402943745896474,0.013052321877100473,0.010661332947958594
538,16EO,32.49,0,0.016875823585781508,0.014309799832038464,0.15799054441170748,0.023830837220379358,0.00726100014648854
539,16FL,33.11,0,0.07290109342069735,0.016643981333579933,0.009289557555203855,0.0065833998189653116,0.14070272652625343
540,16FT,36.09,4,0.09976193065196608,0.032328349151822325,0.011662510100962744,0.008171307827694702,0.01941966585442746
541,16FU,37.23,1,0.0035925036028197207,0.17404134995890047,0.011362287249442486,0.0018706153215656536,0.01684036041505332
542,16FW,31.4,5,0.045628209185846536,0.00583741433126013,0.17430062479788375,0.0017536470350469856,0.002435794871288185
543,16GB,29.07,5,0.078163198874013,0.0,0.14777184626946618,0.0,0.0
544,16GD,30.76,5,0.07582843455002847,0.0599050156846893,0.030673559499859268,0.011203745799250427,0.022189361285933944
545,16HE,36.62,0,0.0,0.05890026909828733,0.18664211128422864,0.0,0.013177961193201332
546,16HK,32.34,5,0.06386749352231814,0.0,0.12890969795060941,0.00800815845784675,0.0
547,16HM,29.7,0,0.1128453859565459,0.012392538570180824,0.0,0.019254972202292962,0.007468646590585409
548,16HT,29.63,0,0.07249802608727357,0.024491969078919373,0.030869407234367003,0.020139493210330175,0.010816390246548596
549,16IV,30.73,0,0.08781082710441587,0.02570659437852364,0.008410714779332133,0.02056008654287539,0.020236322720343928
550,16KA,32.36,5,0.005851191981944843,0.12950575417377788,0.026733102505269623,0.03320390900499533,0.015218966488439813
551,16KG,34.0,0,0.09811506552331684,0.032633759459225434,0.0,0.013133461784911407,0.027791692316545706
552,16KS,26.46,5,0.03558771075096235,0.046969287779304716,0.050160595970042667,0.015395454309076009,0.029723319042301372
553,16KS,35.62,5,0.03558771075096235,0.046969287779304716,0.050160595970042667,0.015395454309076009,0.029723319042301372
554,16MD,31.97,4,0.06222236805710047,0.036047669612399844,0.058948946596499546,0.00952430544822974,0.016005210023556527
555,16NM,36.75,1,0.0,0.16672988497074467,0.0,0.0,0.0
556,16NS,36.95,0,0.00020756910420226344,0.0013373209075179977,0.23762470272073774,0.0,0.0
557,16NU,36.18,4,0.07173056730103226,0.04240603613167187,0.023339010885122084,0.006879883684485427,0.009265994235918585
558,16NV,31.52,5,0.0,0.0,0.0,0.0013448700498120806,0.3241498769652775
559,16UQ,30.02,0,0.0,0.03792172154158855,0.16577232173903814,0.0,0.01498799752216377
560,16US,30.99,5,0.0,0.0016194443924948338,0.23235489290364175,0.0,0.0
561,16UW,36.21,0,0.06995444419299239,0.02661202026772248,0.010263092590351899,0.02311408000115473,0.024038565294554202
562,16WG,30.32,5,0.0,0.014040410619119235,0.2194926579704238,0.0009163914066603197,0.015947774144589748
563,16WT,29.89,5,0.0,0.0,0.0,0.0,0.30901024733811355
564,16WT,30.82,5,0.0,0.0,0.0,0.0,0.30901024733811355
565,16WU,26.37,5,0.12468493286504298,0.0,0.010981341692712069,0.0,0.03818695121360122
566,16WW,34.54,5,0.0,0.006079172424992077,0.22454368355629478,0.0,0.013541798200261475
567,16YB,35.53,5,0.03081410580181718,0.04265927194547538,0.033235464606520625,0.04924971547709015,0.015562015221836551
568,16ZB,30.8,0,0.0,0.0018778946671264942,0.23434878759988306,0.0034379905888678778,0.0
569,16ZO,30.53,5,0.0,0.040880779090208694,0.19774879076327054,0.004070243940997831,0.0
570,17AH,35.85,0,0.052656715992174655,0.05565881653493041,0.023031698970371394,0.00470452558320776,0.00591507329326811
571,17AM,36.08,5,0.028855643977206476,0.07480849802919841,0.01474622331881142,0.0,0.043376816421614
572,17BB,37.16,5,0.04643352195092527,0.0,0.1841402471054886,0.0,0.0
573,17BC,33.3,0,0.081891554237622,0.01919578140236334,0.010217099992294693,0.009099762642357522,0.027312742561221334
574,17CI,32.69,0,0.0,0.020446625693079732,0.1974366407932325,0.014536734882815405,0.016033672413206326
575,17DF,35.68,0,0.12853747411692537,0.03279403982463969,0.0,0.0,0.0036782779115591383
576,17EL,36.96,0,0.037940572695460736,0.052971628018889695,0.012420140230417438,0.0013820714500346902,0.06318560997554727
577,17EV,23.86,5,0.028802833870005644,0.0,0.18223262862827122,0.009467010851047963,0.0
578,17FE,33.32,5,0.0,0.0032791458992664385,0.0017974309202847586,0.009107394097630764,0.295770806503156
579,17FR,35.22,5,0.0,0.01628314804086905,0.0,0.0017247803615835177,0.2732205482586608
580,17FU,32.43,4,0.08431120238448697,0.036237694079064825,0.03923019360999172,0.009360995544857864,0.004294776692448728
581,17JD,30.49,4,0.09589818952405123,0.020415118333295273,0.026003084337522006,0.005486632631710002,0.0
582,17JL,30.74,0,0.0,0.02316234539412985,0.1740187572296528,0.011343345180513352,0.011901292574381366
583,17JP,27.28,5,0.0690827285066158,0.05643435120169739,0.012450423867403597,0.0075912128113730035,0.01628002948397292
584,17LB,28.4,5,0.0,0.0076149999196744875,0.22854841762284173,0.0015438620605817822,0.0
585,17LM,35.43,4,0.04967060632958104,0.05783032571383196,0.01269571219960044,0.0,0.04861641091746106
586,17LT,35.21,0,0.04949350341522541,0.057218428134227436,0.02882935017494107,0.016007577988298608,0.010296138678433911
587,17MD,39.13,5,0.0,0.0028816835018662646,0.0035314646224719705,0.01188619700201562,0.310981315611878
588,17MQ,37.34,4,0.061299462566371525,0.005730727763396412,0.1277117288243531,0.01478342708790169,0.002159128314402751
589,17MS,31.36,0,0.028992478660048743,0.05012338072521949,0.0440148099866653,0.0,0.055357415548439634
590,17NH,37.38,5,0.0,0.0027300971788591453,0.0,0.0,0.29442158838309296
591,17NS,28.96,0,0.06828012934953637,0.04099155911343326,0.017833744371191552,0.0,0.04345766098156709
592,17OB,34.95,0,0.11082629160074424,0.004918193586337089,0.0,0.0047295896114191004,0.005091565070362359
593,17OJ,30.94,0,0.06234391742127614,0.05108832383864668,0.016872926973126683,0.024676269429190635,0.02511964206261535
594,17OS,32.57,0,0.0031638232061504865,0.1854815375204819,0.003428636058712746,0.0,0.0
595,17PH,36.25,4,0.08493581398747273,0.026379662799267668,0.02214653325780883,0.0,0.020341643904749355
596,17PJ,36.75,1,0.0,0.15843518554439032,0.0,0.007046997381158672,0.0
597,17PR,35.14,0,0.020376788086449577,0.0,0.20311916238887456,0.00890689745941341,0.011797691016608722
598,17QA,35.46,4,0.07055610720814622,0.030704968344376107,0.05435557295318124,0.0,0.0
599,17QH,38.14,5,0.0,0.0,0.0,0.004167168656612823,0.30930828408796995
600,17RD,34.75,4,0.11904888561405877,0.02706684418653854,0.0030598883178917595,0.01415073204327392,0.010292482259962115
601,17RE,34.52,5,0.0,0.0009093404319366322,0.0,0.0,0.3177549004027553
602,17RK,38.34,5,0.005887059099818747,0.12308043555780573,0.006771877249933642,0.02162850322270014,0.05613020435123491
603,17RK,22.76,5,0.005887059099818747,0.12308043555780573,0.006771877249933642,0.02162850322270014,0.05613020435123491
604,17TC,38.51,4,0.06916245911293528,0.0,0.12916812035750688,0.0,0.0
605,17TK,27.7,5,0.0,0.010385778780429155,0.2193841313329848,0.0,0.0
606,17TT,36.03,5,0.0,0.0,0.0,0.0052420019292607365,0.29721750947620895
607,17TW,34.67,0,0.04886391472190399,0.052704920710274925,0.02544000349168108,0.0,0.032844149598806285
608,17UG,32.16,0,0.12341107176890105,0.0013168702273313553,0.003575248923723091,0.0,0.032380388714864226
609,17UH,30.66,0,0.046690429444830865,0.052294860378581894,0.01842153752037351,0.018838589594877393,0.03668924676931963
610,17WX,23.58,4,0.10961291903695071,0.004861326648528597,0.0,0.002760637064431785,0.0
611,17XB,26.74,0,0.0411142476012843,0.056715705864083164,0.026707942285768237,0.00451756190214361,0.02740714957792623
612,17YA,36.29,0,0.018901642242563865,0.008289857557907777,0.002125690954398994,0.03561393381299622,0.20852078927735335
613,17ZI,37.03,5,0.011211998326360193,0.08364974414236344,0.007847466573228032,0.04369715330877125,0.032544038937177805
614,17ZR,36.34,0,0.0003637404623989775,0.14109469090765983,0.024485311520314523,0.034436216339104785,0.004799301403454796
615,17ZR,38.32,0,0.0003637404623989775,0.14109469090765983,0.024485311520314523,0.034436216339104785,0.004799301403454796
616,18AX,31.76,1,0.0,0.13506869557475856,0.0,0.0,0.0
617,18BB,35.07,0,0.0772209362539475,0.027032868058119622,0.02238597688814282,0.032894679478067845,0.06536436379572928
618,18BJ,36.3,0,0.0,0.05228586932930755,0.18327924072523186,0.0,0.023289371549521726
619,18BM,35.65,5,0.0,0.0,0.0008247049080195161,0.02443741612334421,0.30417445075052574
620,18DT,33.21,1,0.003172599746042854,0.18941755971470736,0.0,0.004111896990574268,0.016557439338094008
621,18EJ,28.39,5,0.0,0.16403346933223215,0.008693741539142468,0.0,0.006914204216028337
622,18EO,34.18,0,0.031047485200729273,0.0804429756835564,0.04827263396332837,0.01901203255837291,0.044871720909497835
623,18ES,34.51,0,0.05073765995353679,0.06351077758942784,0.026992647501886746,0.007683955181864263,0.022086911216943464
624,18FK,31.11,5,0.0,0.0,0.22586968439545219,0.0,0.013256696798815784
625,18FY,30.65,0,0.05235242708642669,0.06475640842880201,0.014783840011170338,0.0033726655551524587,0.021145923965103453
626,18GH,29.62,5,0.013807713147672485,0.0010828940879086181,0.20718076946300706,0.0,0.01713373446401472
627,18GW,33.83,0,0.0,0.0023072441666260623,0.23572219997601254,0.0,0.0
628,18GW,33.05,0,0.0,0.0023072441666260623,0.23572219997601254,0.0,0.0
629,18HO,34.95,4,0.046177927183361084,0.07611138512212999,0.03461982773720563,0.01626366203151886,0.047408310933649944
630,18HO,35.67,4,0.046177927183361084,0.07611138512212999,0.03461982773720563,0.01626366203151886,0.047408310933649944
631,18JF,26.52,1,0.0,0.20254359049718715,0.0046679678796782585,0.0015171139224622705,0.0
632,18JL,29.55,0,0.023100210567154823,0.07114121140009898,0.017648956606677108,0.002507626953288281,0.02197724601299893
633,18LE,30.48,1,0.01049275162096482,0.10461511655666021,0.0209406763835527,0.017511927895889578,0.04891478476930413
634,18LI,28.94,0,0.011166086600656442,0.0,0.1929028910491551,0.02348108859885037,0.0
635,18LJ,32.41,0,0.03322682265076261,0.00900875277463527,0.004703116357024366,0.010464984429493309,0.10712149187003946
636,18LM,34.83,5,0.0,0.0,0.0,0.004808934423359108,0.31957994323858485
637,18LQ,30.96,5,0.08243327958204406,0.0,0.10185618263062521,0.0,0.0
638,18LX,35.8,0,0.04079839714516023,0.06269805473645464,0.015645069351956174,0.006404332030293101,0.0440476229584684
639,18LZ,37.48,0,0.0,0.024918344883381995,0.14012853660974395,0.0,0.055182071628090905
640,18LZ,26.73,0,0.0,0.024918344883381995,0.14012853660974395,0.0,0.055182071628090905
641,18MG,30.99,0,0.07478716576725017,0.014844820396865167,0.0,0.00877680745609655,0.06048144523653372
642,18MM,28.67,5,0.036048059248155816,0.0,0.19539842561985593,0.0,0.014532253013150002
643,18MO,35.65,0,0.020912155813954128,0.07585335578814328,0.02772271696417834,0.02350909091559995,0.03913005964544505
644,18MY,31.55,5,0.06306612575526131,0.0,0.13200958384845818,0.023995165170739272,0.011250724360357569
645,18NA,33.66,0,0.03910494712488041,0.07850210856382298,0.06238465283137944,0.009942077454531677,0.012036764010446269
646,18NC,26.89,5,0.011619304879656856,0.0016749541339785377,0.20933574380764106,0.0,0.019758476133933743
647,18OE,33.56,5,0.0,0.0,0.0,0.0,0.3084092486200746
648,18OL,33.18,4,0.06713023409986714,0.05882601882878421,0.022559759072278612,0.01742082631810532,0.010108226279098605
649,18OY,31.58,0,0.061855174901548786,0.05074542525455591,0.03623905014853598,0.00033708243503014753,0.02239781836298001
650,18PJ,36.43,5,0.0,0.0,0.0,0.0,0.29954436055323713
651,18RA,35.56,5,0.10452095116595399,0.0047693399475291645,0.0,0.03582941317237582,0.037358851367693936
652,18RJ,36.34,4,0.04434174730729257,0.07325563696843648,0.027015002635440665,0.024888169628065896,0.04060040865090969
653,18RR,30.14,0,0.06853833586605948,0.04197253008037667,0.027823344683773336,0.010841762491914311,0.023763838235727586
654,18RV,29.26,0,0.08338821264695939,0.03463389278200938,0.0,0.028720554259291375,0.020258980633037507
655,18SE,31.31,0,0.0,0.009310481437186656,0.23448023734533618,0.0,0.005570565211869654
656,18SN,30.79,0,0.057343916555828066,0.057456880733287544,0.016310891512770608,0.009560409732098577,0.029802364090118813
657,18TK,34.14,0,0.057681227862972584,0.05173848302511818,0.0013653913514680295,0.026093432464893287,0.030026085171858494
658,18TM,36.1,5,0.0,0.0,0.0,0.0,0.32325000860936315
659,18TS,31.62,1,0.010965059840038134,0.14074970416961885,0.013054016570839022,0.0,0.011920165080210232
660,18UV,34.96,5,0.0,0.0,0.0,0.0,0.33754251247790434
661,18VM,27.28,3,0.15178483577862717,0.0,0.0019676796038545045,0.0,0.0
662,18VN,29.73,0,0.031193518878895717,0.09168663568538186,0.02851808777038253,0.01684475588848655,0.012313847463665255
663,18VQ,30.28,4,0.05222432266280765,0.035267715486149896,0.013410326787788552,0.009760546387204298,0.05304990882270326
664,18VR,37.3,0,0.0,0.017236499552522273,0.22677328567997712,0.0,0.0
665,18WL,39.54,3,0.10341918263490432,0.0193485093032772,0.0,0.018866658666145602,0.00073981291134641
666,18WN,35.16,0,0.058949622225435365,0.043932620164125614,0.029577665698099026,0.008749518598492599,0.043392697524489196
667,18YU,24.87,0,0.010023716848600314,0.006354307215230442,0.21557021672435722,0.007472287571779423,0.003479380266453806
668,18ZI,31.93,0,0.046288016406538984,0.05248904945028922,0.017328077373908207,0.024394154694017418,0.030820059877757152
669,18ZL,31.33,1,0.0,0.19854813210890124,0.0,0.00255207825739387,0.0
670,19AS,27.8,0,0.03069979951091907,0.09625870087680065,0.014529206633190773,0.01893361174037328,0.02552907722196655
671,19AT,30.3,0,0.0,0.01811713770025831,0.21835914693937788,0.0,0.0071708634875365645
672,19AX,36.48,0,0.0232129760731863,0.042658037031818516,0.0184795310196961,0.033753788010462395,0.06789893744981536
673,19BA,36.2,4,0.0014408570624754682,0.076796189196646,0.02518544037073804,0.04795431413765807,0.037402988960225196
674,19BE,32.35,0,0.017638671468049767,0.09582253342186388,0.03420184066287951,0.006342599719820945,0.03291327516290061
675,19BJ,35.33,5,0.0,0.009929817826398256,0.22088749813950523,0.0,0.00019351952162678163
676,19CD,37.39,4,0.11794740172379435,0.01052467434426211,0.0024745988666120006,0.01818030346205017,0.0
677,19CF,32.47,0,0.11071501803336567,0.0,0.10075620726977516,0.0,0.0
678,19DM,31.99,5,0.0,0.0,0.0,0.0,0.31823419560584376
679,19DN,33.22,5,0.0,0.0,0.0,0.0,0.3200080372203372
680,19DN,34.1,5,0.0,0.0,0.0,0.0,0.3200080372203372
681,19KB,30.24,5,0.020264564105479405,0.0,0.21305899293102518,0.0,0.0
682,19KK,28.41,4,0.0974607004568649,0.0010686756249478912,0.00917208083085049,0.010703566259766982,0.04003726025583357
683,19LM,29.28,5,0.015851906647987732,0.05740573474694446,0.026973013471099767,0.02869703970840554,0.03042292564954798
684,19LV,32.2,4,0.006414936255752843,0.0,0.003722678151741496,0.007070930299901308,0.2690460864189195
685,19MA,31.03,5,0.0,0.03769461065299298,0.1810383525939283,0.0,0.0
686,19ML,33.29,5,0.0708397466088836,0.018218875143431363,0.01797883630951783,0.050935319585408145,0.027634132891054448
687,19MY,33.55,5,0.0,0.00954942266622464,0.0,0.0011028076877173051,0.2832659517709669
688,19NE,36.16,5,0.0,0.0015954785604081528,0.0,0.0069818451695320485,0.29721545327446014
689,19NW,37.11,5,0.0,0.04462257006179977,0.0,0.020563957752008043,0.22365329541280674
690,19OM,38.03,0,0.11608545513278154,0.0,0.0010856436193485731,0.00463514875988991,0.0
691,19RD,37.85,5,0.09463755374298712,0.026773995413957533,0.0231021947179691,0.012013050046114263,0.020737479709168092
692,19RK,31.66,0,0.0777443129338604,0.031000266821299555,0.0,0.012570529665134255,0.018187901152644806
693,19RK,28.82,0,0.0777443129338604,0.031000266821299555,0.0,0.012570529665134255,0.018187901152644806
694,19UF,24.01,0,0.11227015483642193,0.01494871516954358,0.0,0.007462619475844186,0.014281912805326155
695,19UK,34.75,5,0.0,0.012671829176086172,0.0,0.009542761257213912,0.26342221836878793
696,19US,36.91,1,0.004416657129820911,0.08847779044404505,0.015089052798372365,0.06518487619612329,0.04086877794996862
697,19WO,39.29,5,0.03134181207378244,0.0,0.18683840894647386,0.0,0.0
698,19YX,34.89,5,0.01851838235123937,0.01469928382074466,0.20210630527842285,0.0031712370003032417,0.0028095686501932856
699,19ZF,37.38,5,0.0,0.009135769263119074,0.0,0.024517942189739256,0.21757241398023464
700,20HM,32.38,0,0.0,0.0,0.0,0.0,0.3186395129607406
701,20HQ,36.77,0,0.016562413756314658,0.1083774103968928,0.02420032476569832,0.01600170579540755,0.031063283947944727
702,20SC,37.65,0,0.03858677056703442,0.08264855300066126,0.021273948556154526,0.032346517649301035,0.011083204250893982
703,20SL,35.7,0,0.0901644822849384,0.016638606328834873,0.012867158747710352,0.01046910732322391,0.01258435068675733
704,20TN,29.21,0,0.0,0.015708227571744424,0.2140775196850553,0.001937040652100504,0.010704300766656676
705,20VG,35.16,5,0.0,0.0,0.0,0.0,0.30275090889016826
706,20VP,23.15,5,0.06441953294528356,0.053060426279029925,0.01330845576109906,0.02021868984123662,0.025124203799311292
707,20VP,24.89,5,0.06441953294528356,0.053060426279029925,0.01330845576109906,0.02021868984123662,0.025124203799311292
708,20VU,26.48,5,0.0,0.021106322282319828,0.2026529738696278,3.369222001498809e-05,0.0015451579996456231
709,20ZD,26.52,3,0.13760187132222873,0.011656853003162361,0.009899243419182018,0.01658565507351827,0.006779314449595822
710,21AI,35.9,4,0.07842952447945048,0.035987834862421846,0.04945167256408977,0.019275196559937105,0.020673771089275594
711,21LW,30.02,1,0.0,0.18411841223515932,0.006017999864372274,0.0,0.0
712,21NB,24.73,5,0.01673890109812291,0.08500818598458935,0.010581201978670851,0.040738681558739484,0.025503340529815406
713,21NN,28.24,5,0.0017131299036062379,0.17288925219902906,0.013698680552451319,0.0,0.0023932240082273674
714,21NN,31.46,5,0.0017131299036062379,0.17288925219902906,0.013698680552451319,0.0,0.0023932240082273674
715,21NR,23.02,0,0.05435721912871977,0.05935517970288695,0.018471563519360575,0.02779940443296094,0.01384096464122657
716,21OY,31.38,0,0.035731121230886495,0.07319979492311098,0.06658385396284609,0.014432264664255479,0.00944288492857578
717,21PO,22.25,2,0.0669737389621002,0.053824451819588136,0.054544511604257793,0.005504649414763359,0.0
718,21QT,29.08,4,0.03216429847716639,0.0,0.2061042448812792,0.0,0.0
719,21RS,28.97,0,0.0,0.0011130805767037703,0.2305643594966458,0.007391358820813057,0.00016812392867289713
720,22JD,32.04,5,0.10226392697960442,0.0022576423826592886,0.0008194777126851573,0.029814988912104077,0.017452358298979617
721,22JV,29.95,3,0.15063336860011273,0.0,0.0040071021710764,0.0,0.0
722,22KC,28.01,1,0.0014930667742629204,0.14772684732745417,0.0,0.0,0.026824854848005276
723,22KK,26.23,0,0.041073251710239136,0.06419776122003339,0.040534628972741724,0.0,0.03234854835009255
724,22LW,32.75,0,0.017782320450991304,0.08158102509054206,0.021573706072786688,0.014958106958378134,0.02359019358815338
725,22MH,35.27,4,0.122701613226905,0.004509659949210404,0.012018698324035671,0.015372296931399078,0.006028621529269726
726,22NL,27.46,4,0.07243076966790052,0.04933993632349128,0.015274648989823258,0.019634707011245745,0.0019454940915704239
727,22NL,26.75,4,0.07243076966790052,0.04933993632349128,0.015274648989823258,0.019634707011245745,0.0019454940915704239
728,22NM,34.12,0,0.0012519907831980682,0.02528222334701041,0.1803552456828226,0.010685445699116,0.023132447292130848
729,22NW,27.22,4,0.046521088748437564,0.0652020684501963,0.011426839769328491,0.003542794838251603,0.05011355354697722
730,23AL,28.24,0,0.0,0.03279851037656254,0.21091281336775158,0.0,0.0034256200508187952
731,23DM,30.57,3,0.15015857744577524,0.0,0.0,0.0,0.0
732,23ED,29.7,3,0.05347144658962187,0.05583285574745612,0.008266037284093235,0.023064631037157963,0.009534376208482265
733,23ED,24.39,3,0.05347144658962187,0.05583285574745612,0.008266037284093235,0.023064631037157963,0.009534376208482265
734,23EF,30.62,0,0.09920357496993441,0.03678796503836088,0.0032310132626580685,0.011062111665440322,0.007133919755186059
735,23FD,35.03,0,0.11704319429526953,0.004667233658757904,0.016736751051675595,0.0,0.0
736,23FD,34.06,0,0.11704319429526953,0.004667233658757904,0.016736751051675595,0.0,0.0
737,23HE,29.69,0,0.057619067985065005,0.054946429907022976,0.019326004616317,0.02778648960318212,0.02300100695765963
738,23HR,33.73,0,0.10932720512294322,0.0,0.005613985547803636,0.01587791277948486,0.0
739,23RR,31.8,0,0.057535790582278604,0.055797380755924754,0.029666721604694617,0.008004450519657253,0.015265624821367386
740,23RY,32.35,0,0.028917887849365335,0.08471526662449247,0.004104316654902651,0.01944767980075698,0.041604895786663244
741,23TP,27.5,0,0.03187441564130325,0.04601460550189809,0.03073528497593043,0.0,0.07625023084687349
742,23UT,32.23,0,0.09393258387949122,0.02397625874118813,0.02750492865325156,0.0,0.00714309664205801
743,23VH,34.81,1,0.0,0.17955051159802285,0.0,0.01342578257998478,0.0
744,23VU,26.18,4,0.06487055621897242,0.05041371724460477,0.03501103845708078,0.01893092318735341,0.016624200054596302
745,23WG,31.17,0,0.06828303229131065,0.04423955412199793,0.016618850581478505,0.029461930974342382,0.02700553335297078
746,23WR,28.24,0,0.0,0.00140422359729686,0.22802785266280842,0.0,0.0020682747715095626
747,23ZM,27.25,5,0.07686503756170743,0.0,0.13734419499713033,0.0,0.0
748,24AG,27.24,0,0.03217830836280598,0.06609627444543524,0.047800700122606,0.013971862015000424,0.02354866708634225
749,24BD,24.79,0,0.04850404637457728,0.04860133439949363,0.013605800566556053,0.031684263319668886,0.016060785769123263
750,24BE,23.99,1,0.0,0.19311516284510133,0.0,0.0,0.0
751,24CP,26.75,5,0.0033522788801741378,0.16814693686547505,0.012272247670129296,0.004339412944759268,0.0
752,24DV,29.68,5,0.05084811301322429,0.006406375390110472,0.15604932134925675,0.0,0.006475221054519006
753,24EJ,33.75,5,0.0,0.01666922351602048,0.004655553046923463,0.0,0.24418908908773082
754,24EJ,33.73,5,0.0,0.01666922351602048,0.004655553046923463,0.0,0.24418908908773082
755,24EJ,33.53,5,0.0,0.01666922351602048,0.004655553046923463,0.0,0.24418908908773082
756,24MK,30.84,5,0.053348973221176293,0.05349476572890287,0.009224822217314656,0.019661525255281375,0.05287376968696535
757,24PA,27.05,1,0.0,0.20243228439364436,0.0,0.0,0.0
758,24PU,27.63,0,0.10564045846069264,0.01262448178357389,0.0,0.009750579514466872,0.008235489651310083
759,24TA,30.17,5,0.0,0.0,0.0,0.0,0.3174019099510923
760,24UN,33.44,0,0.03924601840483598,0.05655581596165611,0.013580119827867434,0.03412496042932758,0.02646504151951366
761,24ZE,35.81,4,0.08247951552339025,0.022830442986954375,0.02765155503183761,0.03533225935132612,0.013502394140998436
762,24ZH,33.89,5,0.1131613961165573,0.0,0.04303557862219011,0.0,0.0
763,24ZK,36.95,4,0.04563445407912628,0.0021931131872009227,0.007934365712418491,0.028472603943971872,0.006988289093625551
764,25KH,26.93,5,0.0,0.1425652830340987,0.0,0.0,0.015655578429386852
765,26AA,28.85,3,0.1488330226416918,0.0,0.002205273609088589,0.0,0.0
766,26AF,29.59,5,0.09213946015163921,0.026525224617956443,0.004407448292659756,0.008167566454808713,0.009895812267168621
767,26AN,25.39,0,0.09014434192559052,0.035715664597269554,0.0,0.010564008151413711,0.014416890599110643
768,26PL,25.63,0,0.0,0.016729335054638805,0.18462112705856218,0.02681584526838331,0.01117100598928649
769,27CH,27.26,5,0.011155420806735459,0.019674624963193207,0.18727690352877524,0.005216702634034347,0.012185552845294515
770,27JN,25.02,5,0.0,0.0296618329173282,0.22336833895404595,0.0,0.0
771,27LH,23.32,1,0.0,0.20796882230224437,0.0,0.0,0.0
772,27MA,34.54,5,0.07883748775878249,0.0,0.1312251783022374,0.0036060563828641586,0.0
773,27MA,35.69,5,0.07883748775878249,0.0,0.1312251783022374,0.0036060563828641586,0.0
774,27NP,29.98,0,0.034817054169029575,0.0,0.17272607298928763,0.013705325462396799,0.01094377121058735
775,27PC,33.95,5,0.10989504874857027,0.0,0.04765705161590263,0.0,0.0
776,27PH,27.06,4,0.01126920785025985,0.0,0.08820059974847054,0.01040332794567551,0.02416643563801678
777,27PR,35.19,5,0.0,0.0033384841085738505,0.0,0.0,0.28524701950444936
778,27PR,36.0,5,0.0,0.0033384841085738505,0.0,0.0,0.28524701950444936
779,27RK,25.88,0,0.02634398295829905,0.15411442267082748,0.0,0.0,0.0
780,27TZ,28.36,4,0.04490006130670924,0.0,0.175824645483238,0.0,0.0
781,27XH,28.69,5,0.0,0.005187075391094557,0.2241984745893982,0.0,0.0
782,27XK,26.42,1,0.0,0.19768195979154624,0.0,0.0,0.0
783,27YE,26.74,1,0.009626730893881885,0.12330668782798586,0.003952419620864475,0.011770338403826406,0.014982154725441314
784,27YG,35.17,1,0.0,0.1820954462384543,0.0,0.005950336763605832,0.0
785,27YP,28.95,5,0.011316524908957407,0.011468437667491605,0.21059772281407774,0.009114396995238644,0.0171409785090852
786,28AG,31.58,4,0.04949785036436107,0.0,0.16853746248864473,0.0001836115527620727,0.0
787,28BA,25.23,1,0.0,0.15833185914119824,0.0,0.016900762638929034,0.0049468536240550144
788,28BC,28.36,0,0.0,0.023939525573413688,0.16326325071968242,0.01187655285499237,0.040897162016570184
789,28BL,35.83,4,0.1418720086859059,0.0,0.0,0.0,0.0
790,28CL,26.13,1,0.05559323918523416,0.05771148421630557,0.005912396790078263,0.030596166659886473,0.01643816561863357
791,29XG,28.74,5,0.0,0.14069051794043413,0.0,0.03467307048770593,0.0
792,29XW,26.22,4,0.06295173677186841,0.06582977689164106,0.03414995960761148,0.013732069716455183,0.0
793,29XZ,24.9,5,0.014504250571755514,0.07877049572912762,0.01638031603792008,0.03157400723058057,0.026330451275639467
794,30AG,27.05,5,0.03823853880684538,0.058604817464122695,0.023830022965178384,0.005237238982394049,0.03700708156173424
795,30AL,30.17,2,0.038136042539079984,0.0,0.19672808536899972,0.003819358259530675,0.0
796,30AZ,25.1,0,0.0,0.1692038988441885,0.0,0.0,0.014691672095341004
797,30FL,24.05,2,0.028553187409061414,0.005012513279023523,0.19832533653898704,0.0,0.0
798,30FU,27.43,1,0.0,0.1819711773169898,0.0,0.0,0.0
799,30FX,28.46,4,0.09888406639912496,0.006587932137580798,0.03568230133470081,0.011010873255094682,0.008942526213755657
800,30FY,30.33,5,0.03236933593946541,0.042070829814912294,0.012089177734815841,0.04624296258949432,0.04148847504318735
801,30KD,23.58,1,0.0,0.18688842979959147,0.01794422223794822,0.0,0.0
802,30KN,25.6,3,0.13780011611968873,0.0,0.024018561621175508,0.0,0.0
803,30UE,35.8,0,0.07783568388985987,0.027956264896964532,0.04437102914987618,0.013843378725544938,0.008664185881549486
804,30UN,27.65,5,0.0,0.005419769727621179,0.2342040452035814,0.0,0.0
805,30UZ,25.4,5,0.029387185513369718,0.0,0.19698946710535795,0.0,0.007645875833549622
806,30WY,37.24,0,0.04173183557441694,0.060918111172508574,0.032006425144070816,0.03420529809945033,0.04885877287608843
807,31DF,26.33,0,0.01855152501545346,0.08317386121025079,0.030784914935804826,0.02426594488836496,0.034917869785127446
808,31DV,28.11,3,0.12828559458267405,0.0,0.010686907985013122,0.0056902199529975574,0.0
809,31JG,27.15,0,0.017781950439694043,0.08829732745447397,0.015709303748336248,0.015403636885330222,0.034984230831486635
810,31JL,26.45,0,0.0591648068076519,0.04304029200384846,0.04196152836714901,0.007363884683487981,0.006865960181210546
811,31JM,22.59,3,0.13540035145916737,0.0,0.012056283082942869,0.00699926456154045,0.0
812,31KB,24.32,3,0.14204807500374922,0.0,0.0,0.009376084493709396,0.0
813,31LJ,29.51,0,0.04436474877307734,0.03876975781593947,0.07772047456311246,0.005086454230686824,0.020771974700156688
814,31LL,35.32,5,0.007387547138316115,0.016321129553116872,0.19882192848071775,0.015075502214282664,0.012678938732702833
815,31ML,36.23,0,0.020242278189108762,0.07444481898298258,0.014311361990116775,0.012795569738050771,0.06316133431865904
816,31MV,24.42,0,0.0,0.0,0.23842386876791316,0.0,0.0
817,31PG,36.25,5,0.09691293839966222,0.021094657322908744,0.025148309940765567,0.012426962327106706,0.015191016912453517
818,31PU,24.59,0,0.006341398854430714,0.11100415440238626,0.02552569896902251,0.018616366103623442,0.027919701497292858
819,31PW,24.88,4,0.1145306252690065,0.01753311419383065,0.017658879061552144,0.03159384589277515,0.009901911036582223
820,31TB,27.64,3,0.12228013159184559,0.005906140633790692,0.020373498575147565,0.0006623627802121644,0.0
821,31TF,27.44,4,0.11808186302395902,0.015690862336325988,0.016377062247670524,0.003962530997088551,0.0
822,31TJ,25.87,3,0.13156955141719695,0.01620232391524012,0.0,0.003536894347178995,0.0
823,31VN,27.68,3,0.15112714616770656,0.0,0.0,0.0,0.0
824,31VU,24.12,4,0.019009915937948013,0.004234818088054781,0.1884010301594136,0.03368680481724225,0.005340308427455379
