Topic_0,Topic_1,Topic_2,Topic_3,Topic_4,Brin,KwaliteiOnderwijs
0.011316524908957407,0.011468437667491605,0.21059772281407774,0.009114396995238644,0.0171409785090852,27YP,5
0.0,0.024648355018658086,0.009045261404187422,0.14864949602312102,0.02605505894940774,29TX,0
0.11198711218385492,0.002779121583971268,0.00786640574454774,0.0018306361237767474,0.0425275414238783,10BF,3
0.023018496681386155,0.08643736067560641,0.017108323980866896,0.010280154290654913,0.04338775817062135,08SY,5
0.0,0.005413757432682024,0.0,0.2163030400184188,0.0,31DT,2
0.012128291873739355,0.007013485701380855,0.006791250892183334,0.14447663258582438,0.020752811727584614,29VP,0
0.0,0.1820954462384543,0.0,0.005950336763605832,0.0,27YG,1
0.015807263332403693,0.03401935497002822,0.12444979505383152,0.031239711563636564,0.009627455135218121,12WE,5
0.04505147144519905,0.055674925060056016,0.049736139512368126,0.0005741708692106088,0.028011218305908366,12UZ,0
0.0,0.0,0.2381155618712703,0.0,0.0,03OK,5
0.0011211203894072057,0.17582849475348786,0.00680811072785236,0.001521355403809372,0.022659111148331867,04JV,1
0.11681346479326324,0.010083197895854573,0.016009061134774096,0.005870971720352733,0.0007366829577069974,12VV,4
0.04107140870403129,0.0,0.1852011193862775,0.0035485508462622497,0.0,15EQ,5
0.07055610720814622,0.030704968344376107,0.05435557295318124,0.0,0.0,17QA,4
0.035749834668914716,0.06144822767073378,0.010512553882600209,0.023728669625840797,0.05294753087052587,04ST,5
0.13982544115746737,0.006184413708071117,0.005219546319322737,0.0,0.016323318415836074,15IR,3
0.020376788086449577,0.0,0.20311916238887456,0.00890689745941341,0.011797691016608722,17PR,0
0.058949622225435365,0.043932620164125614,0.029577665698099026,0.008749518598492599,0.043392697524489196,18WN,0
0.04654611705203982,0.05521879878107829,0.010097634780854414,0.01987553938388451,0.03498612839163681,07BH,5
0.0,0.0,0.0016104584134629236,0.18309697219486204,0.0,28HA,5
0.011755809337116223,0.13421625092865133,0.00040516666664655316,0.03260856422320836,0.0,13DS,1
0.0,0.019543440032832333,0.2137841455831397,0.003231475942281339,0.009337659471395986,32BV,5
0.0,0.01595550161738736,0.005547805031105947,0.1699253066172292,0.0,28HV,0
0.012935708618145338,0.010226910117511612,0.02096661012978699,0.1479995450323346,0.0038174049487226082,30TY,0
0.046288016406538984,0.05248904945028922,0.017328077373908207,0.024394154694017418,0.030820059877757152,18ZI,0
0.0,0.18411841223515932,0.006017999864372274,0.0,0.0,21LW,1
0.03681190021216226,0.03655294553580501,0.007098263813943346,0.020642073418192578,0.09269362589952856,09BP,5
0.01360172254319108,0.0013391936025232355,0.0016535821794873996,0.1783769294149787,0.007077582373124393,30TN,5
0.0,0.023253020912927098,0.009535717345097453,0.19574328138862024,0.003380479450875351,28GN,0
0.010516752986013215,0.007770503596451036,0.0032703831674309957,0.16564356091295826,0.0,28PG,5
0.010592306999842331,0.1473503079851215,0.015330853704145709,0.009364609410600848,0.006508871551100386,05BJ,1
0.01543178977569712,0.09387672021419777,0.03426436643823648,0.007094083639309844,0.039734456266160456,07ZN,0
0.05134832483679122,0.05083130856923751,0.01153736109155641,0.02313834096260578,0.05186801132840113,14ZS,0
0.0,0.005581620527562032,0.0,0.16784300302225005,0.01829934361185476,28PP,0
0.05089937153994379,0.00025770397660654495,0.16356391312359247,0.0031142186017535014,0.0,05OM,5
0.030795471414223896,0.025204215948073136,0.14839956944987157,0.01177428840752652,0.014153231006396254,14VP,5
0.05922499855447083,0.044467546929873834,0.0284495725323027,0.012892883654767219,0.015427156603712812,05OZ,0
0.0,0.16526712694056706,0.012853845979223722,0.01800061332630055,0.008919679357249315,13RI,1
0.0,0.0011548103152830024,0.0,0.17238196895943603,0.022128845881816347,30NW,5
0.07173056730103226,0.04240603613167187,0.023339010885122084,0.006879883684485427,0.009265994235918585,16NU,4
0.004956068579837874,0.02379802449868963,0.20363471825044652,0.014363935793002153,0.007222326493603823,14VQ,5
0.06029168756883614,0.03833619030984781,0.04263829333113191,0.013665014981134878,0.0632176533351237,11HS,4
0.0,0.1838529686098477,0.0,0.005446584482572045,0.0,11HD,5
0.004957548811414833,0.02867786897722994,0.18867494438765636,0.006492202950960764,0.013028504645331744,07XG,5
0.01049275162096482,0.10461511655666021,0.0209406763835527,0.017511927895889578,0.04891478476930413,18LE,1
0.0,0.006754800913923551,0.22671405952884405,0.0,0.009623508030983061,11GK,0
0.0,0.01666922351602048,0.004655553046923463,0.0,0.24418908908773082,24EJ,5
0.0,0.013433984430948509,0.0,0.15535717688409098,0.03271612974282369,28PF,0
0.0,0.006079172424992077,0.22454368355629478,0.0,0.013541798200261475,16WW,5
0.0,0.02227293697181608,0.21664293012580368,0.0,0.006803878063597681,11RJ,0
0.0,0.0,0.0,0.1900569281032276,0.009030677536753674,28FK,0
0.0,0.017758527363976827,0.21208823189156562,0.005124628618020463,0.002616594541571263,05TF,0
0.0,0.018280768465280182,0.0,0.18483676837488122,0.0,30VG,0
0.0010049509121079195,0.18423278420374872,0.011784828817496977,0.0,0.0,07MQ,1
0.0,0.0,0.0,0.14915043850503693,0.0,28GX,0
0.004668571314973482,0.036266461052641245,0.015411499649480378,0.1190274809395978,0.012373323027811755,28EG,0
0.0,0.0,0.2279229377703721,0.0,0.0,11SY,0
0.009345841519726528,0.0,0.22142754847000765,0.0,0.0,32BW,5
0.05776323853388353,0.04985810939830958,0.024284802129075692,0.010989539267820723,0.015218832552573926,13FM,0
0.08427247585268756,0.04648337217835739,0.014978420923148402,0.007356501107029625,0.005536828256520422,05XE,4
0.055436010577954234,0.045597499013922925,0.025103385461610568,0.02222258700061915,0.022978429085562427,14CG,4
0.01502605761358042,0.12211564548809731,0.00812793084050329,0.012248094252714425,0.01769348242815671,00DO,0
0.0,0.0,0.0,0.0,0.3358858890696709,15HW,5
0.034441672759283656,0.0770173396030463,0.008763056977643456,0.015017881184602119,0.031148404286603957,06IY,5
0.05704292802808946,0.04162911274208703,0.01667441372518442,0.03654738102448247,0.03541423255215275,03VH,0
0.09691293839966222,0.021094657322908744,0.025148309940765567,0.012426962327106706,0.015191016912453517,31PG,5
0.011155420806735459,0.019674624963193207,0.18727690352877524,0.005216702634034347,0.012185552845294515,27CH,5
0.0,0.16875079178583832,0.0,0.011208743428581002,0.007662758140801325,08JZ,1
0.03858677056703442,0.08264855300066126,0.021273948556154526,0.032346517649301035,0.011083204250893982,20SC,0
0.014504250571755514,0.07877049572912762,0.01638031603792008,0.03157400723058057,0.026330451275639467,29XZ,5
0.03179816512461754,0.0777036900978431,0.031143472020380987,0.01605467290590179,0.02857511044244196,06QH,0
0.0,0.0,0.0,0.0,0.3200080372203372,19DN,5
0.0,0.011535227029223412,0.009156117929785426,0.18668334805918121,0.0,29TY,0
0.021393776720023704,0.07674055196129632,0.029262225144787747,0.012105818716233032,0.018869945777264096,01XT,0
0.15063336860011273,0.0,0.0040071021710764,0.0,0.0,22JV,3
0.0,0.0,0.0,0.0,0.2574831989208744,15RL,5
0.028503380188387027,0.05673529026476448,0.02896143941934027,0.0291789276602479,0.02582647102836143,08IC,5
0.04865999841642925,0.06655892995545051,0.03686682292925548,0.005145459846627271,0.011170599093212085,19RA,0
0.0,0.02487820783511034,0.2139121606971121,0.0021800613283688977,0.010714338758295206,15HB,5
0.008402684868883249,0.010830887640207128,0.1950415549596383,0.0,0.0,04QH,5
0.07883748775878249,0.0,0.1312251783022374,0.0036060563828641586,0.0,27MA,5
0.01826900059372364,0.0957548178038208,0.009388688745944,0.0172469786546855,0.031535981389716305,08EW,5
0.0,0.009657001613536447,0.010131927577607879,0.13419091724254134,0.0,28HU,0
0.052469378442844286,0.0,0.182923631547759,0.0,0.0,32AN,5
0.0,0.0,0.0,0.18910443667997984,0.0,30YJ,0
0.0,0.17370605617320095,0.0,0.0,0.0,00KU,1
0.03187441564130325,0.04601460550189809,0.03073528497593043,0.0,0.07625023084687349,23TP,0
0.09393258387949122,0.02397625874118813,0.02750492865325156,0.0,0.00714309664205801,23UT,0
0.0,0.0,0.0,0.18808095895294863,0.0,28GM,0
0.12468493286504298,0.0,0.010981341692712069,0.0,0.03818695121360122,16WU,5
0.0,0.012490938631610812,0.0,0.15379380743065807,0.007547066349435177,30TM,5
0.00822452927266061,0.0007975686981775675,0.005968048082316747,0.18140153614908655,0.000381962294200536,28ER,0
0.038136042539079984,0.0,0.19672808536899972,0.003819358259530675,0.0,30AL,2
0.0,0.0001628775973409594,0.0,0.150004401299482,0.005287329658901179,28RL,0
0.07165110061822243,0.05067605975036886,0.02646156473698113,0.018097321820264668,0.0184449161796955,09ZU,4
0.0,0.0,0.0,0.0013448700498120806,0.3241498769652775,16NV,5
0.1143244562571343,0.0,0.08667733009042042,0.0,0.0,05OX,3
0.09741086312815726,0.02609492693621058,0.024037416216815523,0.005078191665137929,0.01991393133967497,07UC,4
0.0,0.0,0.0008247049080195161,0.02443741612334421,0.30417445075052574,18BM,5
0.05390113427367461,0.0,0.1541850060250134,0.008495617476293706,0.0,13QG,4
0.0,0.17116067876807337,0.004836412031187879,0.009598841712957879,0.00973473776824404,11GH,1
0.009920876971735042,0.0,0.0009247566607347974,0.17993246733559545,0.017297503768144158,28RM,4
0.08243327958204406,0.0,0.10185618263062521,0.0,0.0,18LQ,5
0.0,0.1692038988441885,0.0,0.0,0.014691672095341004,30AZ,0
0.0,0.0,0.005003734050844211,0.18952215238399828,0.0,28GL,0
0.0,0.0,0.0,0.0,0.30901024733811355,16WT,5
0.035731121230886495,0.07319979492311098,0.06658385396284609,0.014432264664255479,0.00944288492857578,21OY,0
0.0,0.006478229857915551,0.0,0.17269274585324615,0.0,28ED,0
0.0,0.019332836785494606,0.20996418419008978,0.0,0.005922742555785091,02RT,5
0.0,0.0,0.16678085627268144,0.0,0.0,07CY,5
0.0,0.0,0.23494342277943595,0.0,0.0,14AL,0
0.0,0.009500376529897058,0.0,0.16599026113207085,0.04570704187598459,28JK,0
0.03549765680282014,0.002700924476639564,0.16992362262568855,0.006976543854013737,0.0,32BT,5
0.07686503756170743,0.0,0.13734419499713033,0.0,0.0,23ZM,5
0.10341918263490432,0.0193485093032772,0.0,0.018866658666145602,0.00073981291134641,18WL,3
0.0,0.006319473945454722,0.003107597670104266,0.17599114671598645,0.0046827593670975415,28HC,0
0.03838621688514104,0.004967542992417033,0.16542356504439004,0.0071992995860934725,0.0,03YS,4
0.034607950114599315,0.061681609824122526,0.018062044032224046,0.02705885795422069,0.0410685684061375,01UR,0
0.0,0.0,0.0,0.0,0.31823419560584376,19DM,5
0.12828559458267405,0.0,0.010686907985013122,0.0056902199529975574,0.0,31DV,3
0.020264564105479405,0.0,0.21305899293102518,0.0,0.0,19KB,5
0.009626730893881885,0.12330668782798586,0.003952419620864475,0.011770338403826406,0.014982154725441314,27YE,1
0.0,0.1248735459828966,0.0,0.001380783772307321,0.00945993492009514,01XU,1
0.09799168978127147,0.019726576696736824,0.005438652097121967,0.015194996924628116,0.0019513883236399019,04FD,4
0.12853747411692537,0.03279403982463969,0.0,0.0,0.0036782779115591383,17DF,0
0.0,0.0002769148919609576,0.0011918935965601312,0.13099462097222384,0.0,31FZ,5
0.10226392697960442,0.0022576423826592886,0.0008194777126851573,0.029814988912104077,0.017452358298979617,22JD,5
0.044181763815157545,0.04646737984526643,0.0,0.03212931298984629,0.02806643318213377,12WT,5
0.09022746044206391,0.03688245577838579,0.011336975577010792,0.007686900526871408,0.01849644254064153,12TO,0
0.06026901284020409,0.0,0.164813102316659,0.0,0.0,15SZ,0
0.029419674841409862,0.048991622413147785,0.014333801495688652,0.021589320035775787,0.030157579127083063,04KT,5
0.00029617151226003546,0.0014264004380468015,0.006190910422222059,0.005772450126963485,0.31507291147034366,15GH,5
0.003998406285937428,0.008908138142812426,0.2172491947656167,0.0,0.004227844356196762,08KN,0
0.09463755374298712,0.026773995413957533,0.0231021947179691,0.012013050046114263,0.020737479709168092,19RD,5
0.0,0.011375175916736919,0.21949136872704686,0.005245842418945223,0.0,06DN,5
0.01772563416347235,0.08412984418588992,0.02001935599084161,0.016331151117893752,0.017441793752939676,10VR,0
0.005887059099818747,0.12308043555780573,0.006771877249933642,0.02162850322270014,0.05613020435123491,17RK,5
0.1145306252690065,0.01753311419383065,0.017658879061552144,0.03159384589277515,0.009901911036582223,31PW,4
0.052884603884295646,0.05027522168879149,0.009684431669478064,0.018331015553216035,0.03665067290420381,04RV,0
0.0,0.0,0.0,0.0018505985100842341,0.2984135116021216,14CW,5
0.0,0.03545419744804461,0.0,0.15371644264105627,0.02546879763350492,28JX,0
0.010965059840038134,0.14074970416961885,0.013054016570839022,0.0,0.011920165080210232,18TS,1
0.0,0.006216533100292247,0.0,0.16219997056345065,0.016636249632357856,28GH,2
0.000750334599644855,0.01088446522351288,0.003949390854578658,0.1579405353078839,0.006186294111950281,28FL,5
0.0,0.020272911625988932,0.00026532294077466625,0.1580027154528156,0.0,28EW,0
0.021913570879857108,0.06999175136188972,0.005829945178421706,0.030447074392829083,0.035980377523341225,09BV,5
0.0,0.014040410619119235,0.2194926579704238,0.0009163914066603197,0.015947774144589748,16WG,5
0.0017131299036062379,0.17288925219902906,0.013698680552451319,0.0,0.0023932240082273674,21NN,5
0.061855174901548786,0.05074542525455591,0.03623905014853598,0.00033708243503014753,0.02239781836298001,18OY,0
0.0,0.019951936450689253,0.20987988780126052,0.01583906931988266,0.005841193793689582,11IP,5
0.05046573081792635,0.0488164222363549,0.013740296925107772,0.031248725954556043,0.030952447676267075,05MT,0
0.0621545569776336,0.0049209582726732716,0.018001788855905154,0.020751468031473035,0.027234512938638877,09ZG,4
0.09649073673595536,0.04884213801812797,0.026107039312531645,0.0027529033896393834,0.00654271163954348,13PG,4
0.05997271149053088,0.0,0.1441186797910258,0.0057657390740910985,0.0,13RY,4
0.00020756910420226344,0.0013373209075179977,0.23762470272073774,0.0,0.0,16NS,0
0.10598874912925442,0.011359939558668281,0.023503154032458826,0.012339328996886797,0.0007892545169334382,11KN,4
0.021867643726732243,0.0026191413371477344,0.21170454193215482,0.0,0.009194594526195542,14YX,5
0.1404992373320703,0.003775763822438903,0.0,0.0,0.009867434829728723,16CC,3
0.01043744643415828,0.016672125009955085,0.002936727856561814,0.1732647324411932,0.002176887959902449,28RH,0
0.047327389747963924,0.0456423281380488,0.012671854044726191,0.030561536951257996,0.025094721634190353,07YE,0
0.07478716576725017,0.014844820396865167,0.0,0.00877680745609655,0.06048144523653372,18MG,0
0.002333135142940532,0.022095041187683788,0.0012047957711129938,0.14288499903438528,0.022995295550724215,30WE,0
0.029387185513369718,0.0,0.19698946710535795,0.0,0.007645875833549622,30UZ,5
0.010023716848600314,0.006354307215230442,0.21557021672435722,0.007472287571779423,0.003479380266453806,18YU,0
0.0,0.0,0.0,0.1814098997704244,0.0,28FM,0
0.009742971805645815,0.18136833808987027,0.02464867681757325,0.0,0.0,13JH,1
0.0,0.01908396830844156,0.0,0.13761544867278333,0.0014712755286049374,28JY,0
0.0,0.0,0.0,0.0,0.33754251247790434,18UV,5
0.09527600810704284,0.053806249709063905,0.0,0.0014944774124849042,0.0,07BO,3
0.15178483577862717,0.0,0.0019676796038545045,0.0,0.0,18VM,3
0.008108703152078109,0.0,0.0,0.18145542417494898,0.0,28HF,5
0.0,0.036474810051814674,0.004529716158192103,0.17879780310775495,0.007659822045406907,28JN,0
0.047517094066071894,0.0,0.18399369556710843,0.0035601370242485803,0.0,14AI,0
0.09584127182851275,0.02260863861515925,0.04877939920561971,0.0,0.0,07BX,4
0.0,0.051749824854580885,0.0028348511506709924,0.12662848211758992,0.020918411627019937,28KJ,0
0.04950876653057641,0.008864571033540193,0.13188800965777508,0.018436605959652904,0.0024692109407925835,08FH,5
0.006171789568947316,0.009049137897409758,0.009252362937723711,0.009492464427474125,0.2347622817003745,15KJ,0
0.12993611896676524,0.002936444277186316,0.0,0.0,0.009042406881816544,15FZ,3
0.07169205254745757,0.0,0.12653238217732163,0.0134511485189411,0.011713464582889216,06DX,5
0.0,0.013817460435137317,0.18273238233716957,0.005560538037136201,0.007580907000937019,20RV,0
0.01859066783951418,0.0,0.2140601121750894,0.004621174849289971,0.0,04KU,4
0.028801594337996134,0.06131847316076741,0.017726235562732805,0.030569749233032534,0.03167961897612888,06SQ,5
0.0,0.012605772008342736,0.028894377261739015,0.17006682127371267,0.0,29YX,5
0.0,0.0060723147049079095,0.23111764954340183,0.0,0.0,12VF,5
0.02448875767925614,0.0,0.21268948931527967,0.0,0.0,06RU,5
0.0,0.02316234539412985,0.1740187572296528,0.011343345180513352,0.011901292574381366,17JL,0
0.015179711008663535,0.006815546887089645,0.20299752483640907,0.0,0.0,12WU,5
0.08657372709590981,0.025849898094556154,0.04380135028117398,0.008932376149788228,0.00515635226898215,06QY,4
0.0031679378967390723,0.0,0.21329314377517736,0.0,0.0,19KG,5
0.002009394002260361,0.006546536606647621,0.0,0.0011250914383542925,0.27798667840320823,10CR,5
0.028802833870005644,0.0,0.18223262862827122,0.009467010851047963,0.0,17EV,5
0.0,0.0,0.0,0.15422717467627836,0.0,29VB,5
0.01855152501545346,0.08317386121025079,0.030784914935804826,0.02426594488836496,0.034917869785127446,31DF,0
0.04422099946091728,0.06279548133398949,0.04632492961494103,0.014767854906009105,0.018124488884627366,15RJ,0
0.0014930667742629204,0.14772684732745417,0.0,0.0,0.026824854848005276,22KC,1
0.13540035145916737,0.0,0.012056283082942869,0.00699926456154045,0.0,31JM,3
0.014520681814977343,0.09731013255778508,0.025316588070348898,0.022621878966092048,0.025008068686128603,03ON,0
0.0010411576792446464,0.14372225532089525,0.010227680120676878,0.0023810621164075917,0.018409458848223585,12NU,0
0.08192086534021087,0.0188776420438603,0.013675975984097801,0.02802387377398219,0.007042251419470765,03TD,4
0.01258500127420713,0.11361996217442094,0.013353401939253098,0.019859097991705536,0.049204485978320375,12MN,5
0.10186249342839207,0.0,0.10820559905257933,0.0,0.0,08GN,5
0.0,0.01843431204149758,0.21960789027818395,0.007506896374491832,0.0,03VL,5
0.0,0.0,0.0,0.0,0.3186395129607406,20HM,0
0.0,0.0,0.0,0.1809351989637167,0.0,28JL,0
0.0,0.03953252106128253,0.0,0.1459108076541671,0.01311036746334936,28KH,0
0.01617179372119356,0.0,0.1876540341856579,0.00920528157137986,0.0,13FI,5
0.011288883024821854,0.0026953315313253323,0.00013608522778307084,0.1384869914360141,0.0020031431954324317,28HD,5
0.0,0.0,0.0,0.1653728865670053,0.023997217400303618,28ET,0
0.0,0.017879855367751232,0.20713646600715171,0.0,0.014369551692089635,13JJ,0
0.018761602488199112,0.0007676311734577543,0.1930749137424955,0.0020324555659654163,0.0,11QU,5
0.03838476994344608,0.07239676345333333,0.05078624200191485,0.008589864717454534,0.018789363802740496,07NY,0
0.0,0.0,0.0,0.17826331170389037,0.0,28EC,0
0.0,0.19854813210890124,0.0,0.00255207825739387,0.0,18ZL,1
0.005409334827030268,0.00692285614947582,0.0,0.18240806424324724,0.001763056377592662,28RJ,5
0.0033776301884483246,0.0034100256972571575,0.0,0.1761424611253485,0.004707640445147133,28PU,5
0.0018147776826704955,0.0,0.22978637122289708,0.0,0.0,14ZA,0
0.029972235868156043,0.012622840264515595,0.12114414308559844,0.012192965250077641,0.040647522214846896,16CA,4
0.019886823889822852,0.013625943307776566,0.17167955866171475,0.00620127520462341,0.0019185233255247483,05AT,5
0.0,0.05228586932930755,0.18327924072523186,0.0,0.023289371549521726,18BJ,0
0.0,0.016729335054638805,0.18462112705856218,0.02681584526838331,0.01117100598928649,26PL,0
0.045353713042860636,0.0,0.1562419240994742,0.007266405138470264,0.015998836933288556,13QV,5
0.024509114166109177,0.08440378932605824,0.01898726752488339,0.012374069863445707,0.01612913500763617,09YI,0
0.00014042421361908428,0.004051549116449055,0.007257982958396835,0.15092220703174694,0.04723876190442993,28PC,0
0.1446408960862958,0.0,0.0,0.0,0.0,16BD,3
0.06713023409986714,0.05882601882878421,0.022559759072278612,0.01742082631810532,0.010108226279098605,18OL,4
0.07602024408426218,0.0,0.15332529157465408,0.0,0.0,05VK,3
0.0,0.17955051159802285,0.0,0.01342578257998478,0.0,23VH,1
0.0,0.0,0.0,0.17422829685561275,0.0,28FY,0
0.0,0.03426956975989176,0.008707472209308077,0.1419671841424603,0.033494804361012646,28GJ,5
0.09806100328287586,0.02748870764981112,0.008423830907386238,0.0021808971549126172,0.011078234628925683,11RO,0
0.09745623610377122,0.030324039826044383,0.011152784555297902,0.016680163651622303,0.009561718346884577,13IP,0
0.0017006389947589603,0.16761955880399493,0.004158285062510681,0.0,0.0,07MC,0
0.0,0.005419769727621179,0.2342040452035814,0.0,0.0,30UN,5
0.044645486900723834,0.06030692942344033,0.03248720194420923,0.006621330944672089,0.04192784764412186,11SK,4
0.0,0.025102940118476007,0.01232473486085503,0.16803110324591428,0.0,28FN,0
0.05321172054206738,0.05404106037841744,0.013881776714164828,0.011389661904885768,0.032820169220256136,13ED,4
0.031193518878895717,0.09168663568538186,0.02851808777038253,0.01684475588848655,0.012313847463665255,18VN,0
0.03451830364700103,0.0,0.16932592850374595,0.017381794820075028,0.013279447275012943,32CA,5
0.0,0.0018778946671264942,0.23434878759988306,0.0034379905888678778,0.0,16ZB,0
0.0,0.0034428510685384386,0.004514050737958304,0.2056438276447426,0.0,28JZ,0
0.002770267740431644,0.011503665371774104,0.00732305903171154,0.19816906493254954,0.0,30YM,4
0.0,0.013391826031276114,0.0007402619235076518,0.011374774660990536,0.2896786996618996,05YD,5
0.004420556809475479,0.011438703029456564,0.0,0.17071169720137022,0.0216182139500279,28JM,0
0.049317905707454035,0.0,0.16499422829657398,0.0,0.0,03WI,0
0.0019997046315145864,0.16670819979909976,0.00028556725345667223,0.007456302777034502,0.012361417668108778,15JZ,1
0.026233253732918915,0.08793848479289373,0.01821775289811144,0.009680158604034468,0.042033896480347284,10UK,0
0.006341398854430714,0.11100415440238626,0.02552569896902251,0.018616366103623442,0.027919701497292858,31PU,0
0.0,0.026899415503407464,0.18251535034462846,0.0035049708100776946,0.0,03ZN,5
0.03407883048350641,0.0,0.18712313742562775,0.01050685412513581,0.0,10YH,4
0.15511302207567376,0.0,0.0,0.0,0.0,15DQ,3
0.05581641163344397,0.058572939821801236,0.021458370022370502,0.0023209095654506554,0.0209684317103654,03YB,0
0.07727955713534658,0.03199505909152861,0.022531359891968108,0.015954327066870992,0.010408240754385387,06RV,4
0.04519652175288072,0.0,0.17938541942556452,0.0,0.0,15QG,5
0.0591648068076519,0.04304029200384846,0.04196152836714901,0.007363884683487981,0.006865960181210546,31JL,0
0.01632360521661857,0.09590437741253419,0.023922132241552183,0.0163833909901568,0.03861039524606999,06SE,0
0.015056052028107511,0.10192095570285459,0.04454949041028447,0.017604267994797636,0.035672770851044915,12XY,0
0.01998378039892167,0.0792104902113628,0.0,0.013844324060332513,0.03849623383003351,10CF,5
0.0,0.14739220216393553,0.0,0.0,0.0,04DY,1
0.081891554237622,0.01919578140236334,0.010217099992294693,0.009099762642357522,0.027312742561221334,17BC,0
0.05194239259488604,0.0,0.1334593931895903,0.008336496719446916,0.012699660444369747,06ZZ,5
0.0031638232061504865,0.1854815375204819,0.003428636058712746,0.0,0.0,17OS,0
0.07449979081834002,0.043485934044545094,0.04329751584028206,0.013083584256790442,0.00012737762084302385,04MF,4
0.0,0.004119775724363056,0.004635041774171047,0.004917712987942472,0.2501567361923045,15WW,5
0.0,0.19402662944913854,0.0,0.0,0.0,08YN,0
0.1361800681098713,0.0024750914425309247,0.0,0.0,0.0051873299065614,04LB,4
0.0109445917876445,0.013356872083081712,0.19233231244926968,0.003002006792168272,0.009765735832181635,04ZO,0
0.0,0.010890721013877912,0.22067413532664173,0.0,0.0015225085868211213,19TV,5
0.0003637404623989775,0.14109469090765983,0.024485311520314523,0.034436216339104785,0.004799301403454796,17ZR,0
0.0,0.009141952007728087,0.22737118310242432,0.0,0.010394037993534505,06CX,0
0.08338821264695939,0.03463389278200938,0.0,0.028720554259291375,0.020258980633037507,18RV,0
0.002261377483575007,0.018505885834398505,0.0,0.16020259743675658,0.02507201846172956,28NB,5
0.10452095116595399,0.0047693399475291645,0.0,0.03582941317237582,0.037358851367693936,18RA,5
0.0,0.009310481437186656,0.23448023734533618,0.0,0.005570565211869654,18SE,0
0.14601315932319708,0.008989122434026326,0.0,0.0,0.0,05RS,3
0.0,0.014976625199645884,0.21887959045062874,0.005209543696736112,0.007182815426469232,05QH,0
0.03492263491027507,0.06736814058891916,0.025706103462045434,0.007315019513056478,0.010935816706232967,09DD,5
0.0,0.15833185914119824,0.0,0.016900762638929034,0.0049468536240550144,28BA,1
0.0,0.0,0.0,0.0,0.3174019099510923,24TA,5
0.046177927183361084,0.07611138512212999,0.03461982773720563,0.01626366203151886,0.047408310933649944,18HO,4
0.0,0.02108598126081413,0.0,0.0,0.3133535683524876,07RQ,5
0.0,0.0023072441666260623,0.23572219997601254,0.0,0.0,18GW,0
0.0,0.004668207873935469,0.0,0.1449653079208866,0.021826576813677886,30HU,5
0.13780011611968873,0.0,0.024018561621175508,0.0,0.0,30KN,3
0.0,0.0011130805767037703,0.2305643594966458,0.007391358820813057,0.00016812392867289713,21RS,0
0.0033513840960025425,0.0022141183261080834,0.2257274836661104,0.0,0.0,14QA,5
0.0,0.20254359049718715,0.0046679678796782585,0.0015171139224622705,0.0,18JF,1
0.12119921361773334,0.017305368737316012,0.0002906828917097379,0.007488421640816818,0.0,14JK,3
0.06446895360647306,0.05331093375960662,0.015033761370815885,0.010039356320482183,0.02393972577409351,07IZ,0
0.0061370560049033495,0.0,0.0,0.003394239375822129,0.25370693651587567,14HT,5
0.0,0.0,0.0,0.1871772695649334,0.0,28NT,0
0.008012409736489508,0.10433348897106491,0.005785942728920349,0.01513385202858506,0.03587216941873692,14GL,5
0.14507296895772523,0.0,0.0,0.0,0.0,13BQ,3
0.0,0.014531213472414622,0.0,0.1580128925511176,0.0,28NC,5
0.04563445407912628,0.0021931131872009227,0.007934365712418491,0.028472603943971872,0.006988289093625551,24ZK,4
0.047207194949274056,0.05865389964725162,0.030310340450910564,0.009264703336902378,0.016986074336617942,06LV,0
0.09470081878206742,0.01905075734363397,0.021562311963850934,0.009490070427781988,0.010333095587434633,08MJ,4
0.04603821584614751,0.05267993883553926,0.018648365299984843,0.03347182253993519,0.030448124858029633,06AF,0
0.0,0.0,0.0,0.0,0.3332629175870066,04YU,5
0.004416657129820911,0.08847779044404505,0.015089052798372365,0.06518487619612329,0.04086877794996862,19US,1
0.04436474877307734,0.03876975781593947,0.07772047456311246,0.005086454230686824,0.020771974700156688,31LJ,0
0.04438897941827668,0.05576300391870142,0.033310081806155044,0.021515543389606248,0.01900075137793287,12PC,0
0.01939729352462165,0.08759134414355714,0.021942192083094742,0.00939401969862245,0.0382628125876149,10HG,5
0.017782320450991304,0.08158102509054206,0.021573706072786688,0.014958106958378134,0.02359019358815338,22LW,0
0.03485540283872862,0.0,0.056989535734826464,0.018834622602837286,0.03406114022756436,15YJ,5
0.04643352195092527,0.0,0.1841402471054886,0.0,0.0,17BB,5
0.0,0.006399365802826124,0.0,0.2014205657291048,0.0,31BA,0
0.0,0.18957812479308062,0.0,0.0,0.0,08UY,1
0.036641457186157626,0.05691202796462339,0.01212498209251108,0.016169942882036718,0.031903210185423525,15ZD,5
0.0,0.008904947324722457,0.2172771112419679,0.0,0.0009065074403453291,04CN,0
0.0,0.027134518244234372,0.0,0.16457423120194542,0.0,31BC,0
0.08407906223704936,0.05163220396622519,0.0006300076913838257,0.02339636784782892,0.019533153828435585,10FY,0
0.0,0.0,0.23543180819893372,0.0,0.0,06XF,0
0.02002613801955469,0.0,0.21494872232977846,0.0,0.0,08UN,5
0.02580025967222092,0.07465241264947019,0.011395507397888364,0.01148029632721525,0.036581468357598526,08TJ,0
0.01126920785025985,0.0,0.08820059974847054,0.01040332794567551,0.02416643563801678,27PH,4
0.05822930219089618,0.051055434291899404,0.020655950791628328,0.007840307348005164,0.03822381801560633,12PA,0
0.0,0.01811713770025831,0.21835914693937788,0.0,0.0071708634875365645,19AT,0
0.08341707440022549,0.030905408301452126,0.006010331821322452,0.0011719698377284672,0.01792415960026831,03KT,0
0.11776359363539743,0.017709137266363282,0.004842633540935818,0.009931660467272256,0.005387956328090287,12SM,0
0.0,0.0,0.0,0.0,0.315938585323747,15WT,5
0.020242278189108762,0.07444481898298258,0.014311361990116775,0.012795569738050771,0.06316133431865904,31ML,0
0.061665251321534595,0.0052764347056826815,0.13442009257358423,0.01898074723588157,0.006037362313538892,12RI,5
0.02929272554648084,0.059072113407645746,0.01575612052422614,0.016852126170600227,0.028823525700904934,08ND,5
0.05087686529975283,0.05491301949439413,0.0026798637304374516,0.01083566191952779,0.02007400698993131,20AG,0
0.000271830546582379,0.11321892990422046,0.011439385476983291,0.05582286532957912,0.025595664131909283,15AN,5
0.0907958634400437,0.027379198055418802,0.006072305197659468,0.0033625229783581225,0.013996752598118131,12FL,3
0.11227015483642193,0.01494871516954358,0.0,0.007462619475844186,0.014281912805326155,19UF,0
0.042404361491066855,0.06123892935285217,0.03472083541946636,0.02254126007928412,0.029776464479967377,12JX,5
0.012214834496801441,0.012460552217932293,0.006605620227853992,0.020367512852819795,0.01622398851376342,08CC,5
0.14603840528692108,0.008833575523272272,0.0,0.0,0.0,31TN,3
0.0,0.15154073452297528,0.0,0.017815413321599857,0.017572374055578998,10SO,5
0.0,0.0,0.0,0.0,0.29954436055323713,18PJ,5
0.0,0.0,0.0,0.15993526146311524,0.0,28MZ,5
0.1488330226416918,0.0,0.002205273609088589,0.0,0.0,26AA,3
0.0,0.017302461959890807,0.20327798449565243,0.0,0.014595513317848764,05PX,5
0.0,0.018339718492572304,0.0012098668994315177,0.003085643126346563,0.23185343870749067,09FO,5
0.0,0.016509888480531032,0.20310579158014597,0.002777685789533061,0.015527403119645173,11UO,0
0.0693994510466562,0.038199428561329275,0.007761905587688922,0.003617266107391312,0.061641806902636605,09DP,4
0.08283759180577742,0.041144993562014565,0.0078736456498167,0.021182732523449953,0.023892391395883974,11CB,0
0.0,0.15287021348296193,0.013433141666964656,0.019140867856293563,0.029695357775202515,11BF,1
0.11903503986692893,0.019221826385306857,0.005135090328900271,0.006850797753781273,0.010609544153131659,13ZB,0
0.015424738399934159,0.013507579445471625,0.16632708519611109,0.005856366415493107,0.0008951244050549525,07PM,0
0.0,0.0,0.0,0.0,0.32681750868514736,13WR,5
0.07249802608727357,0.024491969078919373,0.030869407234367003,0.020139493210330175,0.010816390246548596,16HT,0
0.0,0.019691635501988488,0.2114679317526591,0.013052565848003305,0.007003423706929008,11LL,5
0.0,0.16403346933223215,0.008693741539142468,0.0,0.006914204216028337,18EJ,5
0.05940525997105125,0.06212674396649867,0.026988449815055823,0.01276071976435252,0.014233749416645942,05JW,5
0.0669737389621002,0.053824451819588136,0.054544511604257793,0.005504649414763359,0.0,21PO,2
0.10287686284609375,0.020503608703268023,0.0165802998056349,0.0016719899172750864,0.009488304402759216,13YX,5
0.04556845092770562,0.08274171693409199,0.008860319761352419,0.023531065060475895,0.01949332900627096,05GP,0
0.057535790582278604,0.055797380755924754,0.029666721604694617,0.008004450519657253,0.015265624821367386,23RR,0
0.0,0.023939525573413688,0.16326325071968242,0.01187655285499237,0.040897162016570184,28BC,0
0.02511440782236435,0.08665361901999989,0.012053060840874217,0.030871292300087977,0.026798586876636908,13BR,5
0.12340495398188935,0.005878975348243026,0.0,0.003761041161571825,0.018703952957056368,18SG,0
0.12265783625661482,0.006433405495934072,0.0,0.029769822270411306,0.004824195075645973,13CV,0
0.1131613961165573,0.0,0.04303557862219011,0.0,0.0,24ZH,5
0.0,0.021086718005238276,0.20395825012483612,0.0,0.020482760505821124,13BE,0
0.10483296942850766,0.027062521188848904,0.027889373157754315,0.02190845011841462,0.0,21GQ,4
0.046690429444830865,0.052294860378581894,0.01842153752037351,0.018838589594877393,0.03668924676931963,17UH,0
0.0,0.0,0.0,0.0,0.3051167060729454,03PH,5
0.022966985990529203,0.09353522956506988,0.009413009197890544,0.005704068088879813,0.02331055133614718,12JY,0
0.0,0.008880185577994923,0.2233533786436208,0.0,0.005445271574187931,08LM,0
0.0,0.16896808686816253,0.001823688059599381,0.008564670187154632,0.0,15BT,1
0.15169587664981557,0.0,0.0,0.0,0.0,12EA,4
0.03134181207378244,0.0,0.18683840894647386,0.0,0.0,19WO,5
0.02144281065205847,0.026230886578866196,0.1604224007198115,0.0005516077715957791,0.0,06UW,5
0.00413549262331475,0.020030424942505006,0.1929179583440544,0.00420391339303792,0.010790806953896918,12QD,0
0.038683984432708485,0.07713818953615732,0.029715077192313283,0.010444212345112523,0.03352917436960865,06WH,0
0.0,0.03769461065299298,0.1810383525939283,0.0,0.0,19MA,5
0.028855643977206476,0.07480849802919841,0.01474622331881142,0.0,0.043376816421614,17AM,5
0.024080906690244985,0.0074114804862364355,0.1994510413202286,0.004594151324777542,0.005222951712576744,10EC,0
0.05173706591740192,0.03691224536846316,0.00428750621841061,0.014101929585769174,0.014967238626711904,03EI,0
0.08989933440682023,0.032327621148765334,0.029063622084619465,0.007548315714312144,0.02817126564741169,06XP,4
0.036232748328291424,0.053029645277124955,0.0184287865469064,0.026105300322445218,0.013161648114505384,04BX,4
0.006414936255752843,0.0,0.003722678151741496,0.007070930299901308,0.2690460864189195,19LV,4
0.11608545513278154,0.0,0.0010856436193485731,0.00463514875988991,0.0,19OM,0
0.004202059834690617,0.003733842950826959,0.22724333470025412,0.000969453287547,0.0,06ZK,5
0.055044584694537275,0.07201762224785262,0.017626766274712453,0.004737138454317863,0.030539623534045948,08XL,0
0.04557293682894996,0.07723928037983749,0.020297010859536748,0.00856005148508885,0.017814180393568572,06UD,0
0.0,0.009929817826398256,0.22088749813950523,0.0,0.00019351952162678163,19BJ,5
0.11082629160074424,0.004918193586337089,0.0,0.0047295896114191004,0.005091565070362359,17OB,0
0.022758365384263027,0.04862259346037893,0.004516909138256491,0.03742109672746272,0.034929283247143644,15BP,5
0.0,0.18146900579376088,0.015268771703882727,0.0,0.0,15MH,1
0.05709730674754696,0.050255015265581966,0.014794655206070392,0.01305876013111493,0.017872562025295895,08AY,0
0.06658095910733106,0.04556085620012388,0.05538714589270683,0.005336269617623719,0.008496547982968073,11XM,4
0.0,0.0011808052278345748,0.001351690619919724,0.17582523225127514,0.0,28LL,0
0.03565433980931682,0.00015338290753820821,0.18668143619646188,0.007903370501206234,0.0,05SF,0
0.09162864101540577,0.024924794505051376,0.0005433826456635991,0.013072524869951743,0.014199468520145277,13NU,5
0.02907937863195224,0.0,0.17857325169701443,0.01145399991226827,0.0041556987643498805,14HD,5
0.11704319429526953,0.004667233658757904,0.016736751051675595,0.0,0.0,23FD,0
0.06261721609688983,0.03975598617424379,0.014815945586734361,0.027213356678426993,0.04564581602596504,13XX,0
0.03236933593946541,0.042070829814912294,0.012089177734815841,0.04624296258949432,0.04148847504318735,30FY,5
0.0,0.02033893756320064,0.21241319558729208,0.008720021336943436,0.004903983031049463,13VS,0
0.0329199666673266,0.0,0.1906569711947908,0.0,0.0,14PU,0
0.031047485200729273,0.0804429756835564,0.04827263396332837,0.01901203255837291,0.044871720909497835,18EO,0
0.08873039243011024,0.02891506244762767,0.0097889213592738,0.008521904206447703,0.019893412209443777,07RV,0
0.0,0.011951437463925794,0.0019526597247463363,0.01208359568243283,0.2643063733215344,11OE,5
0.0,0.0,0.0,0.0,0.31300295694633057,11LI,5
0.15015857744577524,0.0,0.0,0.0,0.0,23DM,3
0.09888406639912496,0.006587932137580798,0.03568230133470081,0.011010873255094682,0.008942526213755657,30FX,4
0.03217830836280598,0.06609627444543524,0.047800700122606,0.013971862015000424,0.02354866708634225,24AG,0
0.07290109342069735,0.016643981333579933,0.009289557555203855,0.0065833998189653116,0.14070272652625343,16FL,0
0.05350193065372382,0.059188013830958286,0.004477037851448531,0.009642546587398427,0.04457555604792912,13XN,5
0.008953912417147353,0.14219923437488033,0.0,0.02046734154347243,0.01646926438477821,14HR,1
0.0,0.026759137554783714,0.008104021345808394,0.13420966475940413,0.019038385192776584,28NR,0
0.0,0.18129544647091808,0.0,0.0,0.0,06NO,1
0.11863461846416638,0.02482697415162731,0.0,0.005781429573318069,0.0022186002374537596,08CG,0
0.0,0.021508484311170334,0.2196105433662377,0.0,0.005184018556651796,03SV,0
0.09970481041443102,0.005099516206775797,0.012905248212096074,0.01929521906467294,0.03712250872023254,12HC,5
0.0,0.05305030016797236,0.19149596621664425,0.0,0.012660166045445292,31WF,5
0.0,0.026777037951442068,0.19065015582087308,0.0,0.00958247757567918,08CP,5
0.019009915937948013,0.004234818088054781,0.1884010301594136,0.03368680481724225,0.005340308427455379,31VU,4
0.13156955141719695,0.01620232391524012,0.0,0.003536894347178995,0.0,31TJ,3
0.06238427744979866,0.03295958406591873,0.011512744212429732,0.0,0.03956949858532732,12ED,0
0.019669326081558355,0.08531455707792457,0.004354923068205771,0.018071979987350714,0.012405904338504943,01GQ,0
0.07243549395346975,0.04636871115682528,0.015898816850984404,0.02341159109407716,0.022918884834452275,12ES,0
0.046828411197815355,0.048718779667929535,0.07734494648707586,0.006515446339427278,0.013479136322961166,12QA,0
0.11432457496609215,0.02539351140705528,0.01696230132073919,0.015534167867352448,0.0,01ST,4
0.08729168413154166,0.0035919996798179786,0.04733764629402717,0.012592777545851213,0.0,08ZE,0
0.007387547138316115,0.016321129553116872,0.19882192848071775,0.015075502214282664,0.012678938732702833,31LL,5
0.0,0.012104008714013391,0.208112417397521,0.006723692278241527,0.01293696334455762,06XU,0
0.04265760698306627,0.052060414286079784,0.0,0.03362137956292301,0.02307940020740618,10FJ,0
0.052656715992174655,0.05565881653493041,0.023031698970371394,0.00470452558320776,0.00591507329326811,17AH,0
0.004322706880717198,0.11501702626912057,0.01992443787291065,0.020065020364728403,0.034068475909251175,20XC,5
0.06603761009911112,0.04544068307579847,0.02636500877161907,0.0041866260412475485,0.024850037946906725,03DJ,4
0.04967060632958104,0.05783032571383196,0.01269571219960044,0.0,0.04861641091746106,17LM,4
0.008681343743078893,0.005895261611862728,0.0099646645907549,0.17764741083535518,0.02632292330124575,31NF,4
0.0782272191206544,0.0,0.12689297889641982,0.007247483072326081,0.0,12QC,5
0.0,0.05920474716011705,0.1688885519736202,0.006587715954370072,0.007245863812286852,19CM,5
0.0,0.18036674566579047,0.005061247536835617,0.0004983149206178205,0.0,04LP,1
0.07243076966790052,0.04933993632349128,0.015274648989823258,0.019634707011245745,0.0019454940915704239,22NL,4
0.055708082389947594,0.044577998127538584,0.020114001049892277,0.00769800323187483,0.02370586810732401,12EF,4
0.0,0.010385778780429155,0.2193841313329848,0.0,0.0,17TK,5
0.02267375212606247,0.059956448190086886,0.04060654288182573,0.026552799309654204,0.03206053245332165,04VI,0
0.0,0.0,0.21889120232758028,0.019132190841920783,0.023521983285636403,15LX,2
0.0,0.03565855929206862,0.0,0.01566672322304822,0.23261549750667967,13BU,5
0.005271014692384013,0.17968033965502814,0.01832049887935729,0.0,0.0,14EW,1
0.0,0.02341273090222223,0.02632073111986152,0.17063202121591664,0.002618837674519687,28NP,0
0.02830424949477585,0.06852019213476762,0.03132299385474728,0.016349657589432045,0.020637561722003005,09HB,0
0.028907816418483306,0.06734289054578399,0.0008301131154622883,0.008903377135887566,0.039301316729650364,13MM,5
0.0,0.17205843375548036,0.0,0.0,0.0,05SR,5
0.0033128868556748657,0.018701739136475333,0.0033981338436481897,0.0,0.2396011523782672,13ZS,5
0.10155298673652983,0.025828742751812975,0.007297708763945,0.0064186176010024715,0.0,13YH,4
0.059932973185175,0.0,0.16039529089125218,0.0,0.0,07RC,5
0.0,0.18439770576066725,0.002694110306079981,0.011493763281657226,0.0,05JG,1
0.08781082710441587,0.02570659437852364,0.008410714779332133,0.02056008654287539,0.020236322720343928,16IV,0
0.0,0.05890026909828733,0.18664211128422864,0.0,0.013177961193201332,16HE,0
0.03254895421653263,0.08036507389976177,0.03125969267908943,0.0005177397472714692,0.034598372605709936,07QO,0
0.08002322400989599,0.03729341325754511,0.03402943745896474,0.013052321877100473,0.010661332947958594,16EC,4
0.028553187409061414,0.005012513279023523,0.19832533653898704,0.0,0.0,30FL,2
0.00724181722478514,0.00016255967580049936,0.22861364703157985,0.0,0.006318833895251902,11AM,0
0.0,0.1724920172997701,0.0,0.0,0.0,07IH,0
0.0,0.0,0.0,0.0023804130241295847,0.29187277616802326,09ES,5
0.06853833586605948,0.04197253008037667,0.027823344683773336,0.010841762491914311,0.023763838235727586,18RR,0
0.04806290862174454,0.00864642246010177,0.15088732966206755,0.011227624038806235,0.0,07GC,1
0.024569565783056784,0.06652834487725791,0.04604182028467661,0.02428961053710628,0.03642525482761506,13AO,0
0.0,0.0,0.0,0.12589419635861487,0.0,28LN,0
0.09213946015163921,0.026525224617956443,0.004407448292659756,0.008167566454808713,0.009895812267168621,26AF,5
0.12752179878317746,0.0,0.010095126952611885,0.014276141598014125,0.021522914925927172,04VH,4
0.0,0.17803411384825535,0.0,0.0,0.01638681636744923,03SB,1
0.0,0.03940884284905723,0.18003887297896792,0.0038031353458650784,0.02473509230890904,10RL,5
0.11944281977402817,0.014450415736402586,0.0003006834189198895,0.002426899665238921,0.00233066360364781,17TJ,5
0.0,0.17819825508231668,0.0,0.0,0.0,06CK,1
0.015363682336766677,0.06711562051229536,0.028741149922891972,0.06072931447289993,0.05039630275471256,12EG,5
0.02581628889907401,0.01458457489451142,0.19883203012818368,0.0,0.003945150630832627,15BR,4
0.03517054138854046,0.08386585233718856,0.0024320760981661493,0.028846754200765153,0.020625060490121666,06BX,0
0.0012519907831980682,0.02528222334701041,0.1803552456828226,0.010685445699116,0.023132447292130848,22NM,0
0.03069979951091907,0.09625870087680065,0.014529206633190773,0.01893361174037328,0.02552907722196655,19AS,0
0.02097845044875707,0.10383631695525541,0.012469209496260888,0.009912954011886495,0.009387463316211988,06UQ,0
0.06828012934953637,0.04099155911343326,0.017833744371191552,0.0,0.04345766098156709,17NS,0
0.0016240839261014764,0.0,0.005316074695913637,0.17679117186373622,0.0006583643270036191,31MK,0
0.027365162621310442,0.07463488289022495,0.03506987937104506,0.027645128362970322,0.04647965044005045,10GZ,5
0.010848869238665956,0.0,0.0,0.004672918715506963,0.2738943862394855,15ZC,5
0.001157587720241117,0.0,0.00630410201756956,0.20539890852079082,0.0,31BD,2
0.0711704808635685,0.0,0.16112995709282946,0.0,0.0,10EE,5
0.002402805602609829,0.0023597574815674076,0.22502193913309693,0.0,0.009807377567822616,15YO,0
0.010884866574523247,0.012327437093859276,0.2121955755073919,0.0,0.0,08TM,0
0.07257836126470257,0.0,0.1587909582263181,0.0,0.0,15XK,3
0.007234729255155083,0.14362315689401145,0.014310978479667377,0.0,0.049779539816410284,04AA,0
0.0,0.03762034831356584,0.0,0.008396842735635979,0.2696245109284886,06YH,5
0.019441165808421097,0.10030871676285794,0.017768938035332117,0.01600492466904724,0.02320033501908287,08VH,5
0.015076019889804533,0.0918041983783894,0.018235364503360132,0.0056976779907179954,0.0323764668856047,04LK,0
0.046521088748437564,0.0652020684501963,0.011426839769328491,0.003542794838251603,0.05011355354697722,22NW,4
0.017638671468049767,0.09582253342186388,0.03420184066287951,0.006342599719820945,0.03291327516290061,19BE,0
0.0268402580757718,0.005227319229459081,0.1733225769140317,0.0057736706596078794,0.0,12FF,5
0.04595062687118697,0.05473597571208683,0.01440942562612544,0.01849328365895231,0.025801194015380464,06AN,0
0.06200471931086077,0.04194412714563569,0.043465384461917146,0.006766431068083132,0.019922743810457045,15AS,0
0.07444651573941476,0.04265703224985093,0.015093768913558315,0.0,0.019829809060547154,12HZ,5
0.0,0.003783386188989632,0.0014264399570678783,0.0035355713441209673,0.2787177536231957,15LC,5
0.0,0.02854142811415818,0.21400398630908632,0.0032205440319329924,0.010222758412846839,15MP,5
0.06498242314334733,0.03762039593222458,0.009244291126195672,0.023176828125592366,0.017229529705837666,12HM,0
0.01851838235123937,0.01469928382074466,0.20210630527842285,0.0031712370003032417,0.0028095686501932856,19YX,5
0.0,0.0,0.0,0.15722305148243076,0.0,28MG,0
0.0037015590058232443,0.02949696925513045,0.005680017817666017,0.11902607368254758,0.026433756896243263,28LC,5
0.0,0.007278945891849194,0.0,0.1520625239653143,0.0,28MP,0
0.0,0.015231086797239531,0.007612641842317817,0.14456544572331315,0.0222261057491072,28LT,0
0.0,0.02491232784470019,0.0029881637092671544,0.004164911081131672,0.24498502975819286,14KG,5
0.023768309576847987,0.06720008977569827,0.02228097805153547,0.017069080672292684,0.04540027142499428,09EI,0
0.028917887849365335,0.08471526662449247,0.004104316654902651,0.01944767980075698,0.041604895786663244,23RY,0
0.05559323918523416,0.05771148421630557,0.005912396790078263,0.030596166659886473,0.01643816561863357,28CL,1
0.0014068552841368029,0.12060937484656721,0.0012838771932392756,0.04388593710431667,0.025386665914839734,13YD,5
0.0035925036028197207,0.17404134995890047,0.011362287249442486,0.0018706153215656536,0.01684036041505332,16FU,1
0.046970749273423394,0.06065057259615488,0.043089223295873065,0.009371819499847797,0.016314980920004506,23DC,0
0.10423382291007585,0.014756141795413315,0.015260409986694168,0.014618589913919377,0.003774341756329194,09PH,0
0.0,0.19311516284510133,0.0,0.0,0.0,24BE,1
0.02322687741767067,0.0981595811179252,0.00564884223693394,0.027667744386958126,0.026052830533550047,11MC,0
0.07680185991534023,0.03910129248262936,0.02338789981357441,0.0056383807908342454,0.007818240275355149,05KX,4
0.03558771075096235,0.046969287779304716,0.050160595970042667,0.015395454309076009,0.029723319042301372,16KS,5
0.053348973221176293,0.05349476572890287,0.009224822217314656,0.019661525255281375,0.05287376968696535,24MK,5
0.10470400269908257,0.011199952419918098,0.01637009544169155,0.0,0.02836301795321603,13TB,0
0.013807713147672485,0.0010828940879086181,0.20718076946300706,0.0,0.01713373446401472,18GH,5
0.04850404637457728,0.04860133439949363,0.013605800566556053,0.031684263319668886,0.016060785769123263,24BD,0
0.09920357496993441,0.03678796503836088,0.0032310132626580685,0.011062111665440322,0.007133919755186059,23EF,0
0.016875823585781508,0.014309799832038464,0.15799054441170748,0.023830837220379358,0.00726100014648854,16EO,0
0.09976193065196608,0.032328349151822325,0.011662510100962744,0.008171307827694702,0.01941966585442746,16FT,4
0.0008215971441323116,0.17912975379081605,0.004343575271343467,0.0,0.0,05DA,1
0.0,0.007419143321317876,0.0,0.0,0.3140097603389364,05DV,5
0.023351592766338046,0.0025306391651650274,0.1803100819355195,0.005593552945506273,0.0048493242095984206,09RA,0
0.003959050907623265,0.053508217430780894,0.013085708217112711,0.13550579364150475,0.003385090667774608,02WF,0
0.005621675342054582,0.007692898334581861,0.20312807807167718,0.008805643794973589,0.0025416054302772628,07JH,5
0.05118298215238583,0.059861739514829725,0.0068558314280181875,0.013613370539599013,0.03327721083099919,05PS,0
0.05273996539104879,0.06094863542887224,0.026692529985302808,0.012749313142273825,0.03293051873844673,13AT,0
0.0351355647005902,0.07991161695004026,0.02044483017068083,0.009442063401620586,0.030540036226417263,07EG,5
0.0,0.012866686818879605,0.0003292273889829696,0.00461535695973569,0.24079405579367238,14GR,5
0.030223709683805833,0.07824195634305821,0.025309975220910327,0.017936276070196516,0.031791782642411136,09JP,0
0.039049308969498396,0.10010402949070561,0.01735634593554477,0.0,0.02492355310124242,15NJ,5
0.021970731325041425,0.014533613611068199,0.1835001522526559,0.003999496822837354,0.001602810802506639,03QF,5
0.0,0.04088554127654365,0.18185017496794967,0.005124994498106906,0.006759841515174092,04UH,5
0.028080638249188276,0.14746637990919975,0.01888565161386895,0.008910880642574651,0.003394746786703537,15BI,0
0.062068987598701296,0.07276213102044186,0.02574526384731127,0.0,0.015574554614931058,12DO,4
0.0,0.007226078151548172,0.21894673270934414,0.0,0.0,08NX,0
0.018901642242563865,0.008289857557907777,0.002125690954398994,0.03561393381299622,0.20852078927735335,17YA,0
0.0,0.14878402874847163,0.011867988019800702,0.007983847915626095,0.0008164494205873661,03HD,0
0.10989504874857027,0.0,0.04765705161590263,0.0,0.0,27PC,5
0.07583580157774587,0.047429640414525534,0.00614693938853067,0.012109099506564186,0.02521628059737611,15UW,0
0.0,0.0027300971788591453,0.0,0.0,0.29442158838309296,17NH,5
0.028992478660048743,0.05012338072521949,0.0440148099866653,0.0,0.055357415548439634,17MS,0
0.0,0.013522845259511711,0.0018494446169234223,0.0,0.2684348711147559,04NU,5
0.02634398295829905,0.15411442267082748,0.0,0.0,0.0,27RK,0
0.0,0.014498456559915218,0.20733494315524298,0.0,0.011497928663863118,03JL,0
0.0,0.0028816835018662646,0.0035314646224719705,0.01188619700201562,0.310981315611878,17MD,5
0.06242370682528852,0.05796177991408503,0.014863386862192098,0.03916566209270294,0.012120196119444194,04AZ,0
0.10744319125983917,0.023856343156100995,0.02608737516094546,0.0,0.01583173025696619,10DM,3
0.03884732610643135,0.06725301045303642,0.03328075011143333,0.032444834234947206,0.02697254124328528,06XO,5
0.015851906647987732,0.05740573474694446,0.026973013471099767,0.02869703970840554,0.03042292564954798,19LM,5
0.0,0.006389219210567056,0.22717654009159152,0.0,0.0,10DX,5
0.0,0.0015954785604081528,0.0,0.0069818451695320485,0.29721545327446014,19NE,5
0.01689383300348803,0.10237145181511721,0.03120107303119739,0.006126317266548838,0.02334589431906547,08UP,0
0.13760187132222873,0.011656853003162361,0.009899243419182018,0.01658565507351827,0.006779314449595822,20ZD,3
0.0,0.0076149999196744875,0.22854841762284173,0.0015438620605817822,0.0,17LB,5
0.06441953294528356,0.053060426279029925,0.01330845576109906,0.02021868984123662,0.025124203799311292,20VP,5
0.0,0.0,0.0,0.0,0.30275090889016826,20VG,5
0.061299462566371525,0.005730727763396412,0.1277117288243531,0.01478342708790169,0.002159128314402751,17MQ,4
0.004292917658315231,0.16658451248214615,0.01675683200107132,0.009731247435277117,0.006055588473628059,15VN,1
0.10947771284366899,0.008106278970080063,0.018429215788121674,0.01861634592375362,0.010778342171106637,15CO,0
0.13774360475693226,0.0,0.013140781593560186,0.010810913204983601,0.0,15AP,3
0.1512373379494717,0.0036480576100666106,0.0,0.0,0.0,06MY,3
0.0,0.14427285038487184,0.0,0.0,0.026311070391607697,06OF,5
0.019981687775892005,0.01208287178428488,0.1887349516616474,0.004494085320935254,0.0,11YE,0
0.061511195928412477,0.04857302255961424,0.021102769540277823,0.004239959657658847,0.02314047168385005,14FC,0
0.0,0.009910670053733653,0.01999175930175864,0.01640716442494788,0.25495775372492063,05QU,5
0.040554598690321894,0.06522665526384049,0.04233380585266762,0.00615278968398332,0.030225444801816267,05RN,0
0.03473635981396038,0.04979889855988439,0.005200281482165357,0.005191648441939778,0.08813848753204344,13MB,0
0.04949785036436107,0.0,0.16853746248864473,0.0001836115527620727,0.0,28AG,4
0.0,0.011652749523702884,0.22628945095087147,0.0,0.0038366530521559946,05RY,0
0.0,0.0,0.0,0.0,0.3076063422815779,09SG,5
0.0,0.1819711773169898,0.0,0.0,0.0,30FU,1
0.05347144658962187,0.05583285574745612,0.008266037284093235,0.023064631037157963,0.009534376208482265,23ED,3
0.03216429847716639,0.0,0.2061042448812792,0.0,0.0,21QT,4
0.0330159341057726,0.0771670321845339,0.028557022715093257,0.008415313544206939,0.020746950086794304,11MW,0
0.05235242708642669,0.06475640842880201,0.014783840011170338,0.0033726655551524587,0.021145923965103453,18FY,0
0.06386749352231814,0.0,0.12890969795060941,0.00800815845784675,0.0,16HK,5
0.0,0.18688842979959147,0.01794422223794822,0.0,0.0,30KD,1
0.009135353203352925,0.001876727209573876,0.18854895454549359,0.008056522233641419,0.006261562128943964,07SI,0
0.0,0.1768959273293589,0.023621952106406278,0.0,0.0,11LE,1
0.02932041045956401,0.05712591819126543,0.02657767373957646,0.017760961762711816,0.03793481764753339,13UE,0
0.09811506552331684,0.032633759459225434,0.0,0.013133461784911407,0.027791692316545706,16KG,0
0.028634054265068484,0.08827438391777452,0.021725107295000223,0.007236600190353674,0.0346446342170724,09RU,0
0.045628209185846536,0.00583741433126013,0.17430062479788375,0.0017536470350469856,0.002435794871288185,16FW,5
0.051010217963322675,0.05688032027716822,0.006385218026011337,0.005325598909541026,0.012336060314473997,05DB,0
0.06776661281227965,0.05210238060063359,0.04380230833949073,0.020014377001041316,0.020542502588690854,09QY,4
0.07582843455002847,0.0599050156846893,0.030673559499859268,0.011203745799250427,0.022189361285933944,16GD,5
0.023100210567154823,0.07114121140009898,0.017648956606677108,0.002507626953288281,0.02197724601299893,18JL,0
0.03924601840483598,0.05655581596165611,0.013580119827867434,0.03412496042932758,0.02646504151951366,24UN,0
0.004122175528285947,0.0022980917333427064,0.0,0.18426696152309555,0.008864903669566484,28MR,0
0.030390620652334478,0.053504893530382014,0.01792409373675607,0.0280384853277376,0.04285675752900502,14FU,5
0.0,0.17700431776259476,0.011854903846691066,0.0,0.0,14DJ,1
0.0,0.0,0.0,0.1770871271927818,0.0,28ME,0
0.057343916555828066,0.057456880733287544,0.016310891512770608,0.009560409732098577,0.029802364090118813,18SN,0
0.04434174730729257,0.07325563696843648,0.027015002635440665,0.024888169628065896,0.04060040865090969,18RJ,4
0.0,0.0031991495745199035,0.0,0.20018109207675533,0.0,28LA,0
0.0,0.028874010853876454,0.21911990250030347,0.0,0.0015033452153364229,31WJ,5
0.007981073258972656,0.008311201879286727,0.21507495014746997,0.0,0.006728589185141699,15LV,5
0.15112714616770656,0.0,0.0,0.0,0.0,31VN,3
0.0,0.01160612049714841,0.2122153023480734,0.009498728721814623,0.01023408641410664,03QR,5
0.11808186302395902,0.015690862336325988,0.016377062247670524,0.003962530997088551,0.0,31TF,4
0.0,0.035118011945461394,0.008654018256064475,0.007622721809859611,0.21551891854832342,15LA,5
0.0002423293716788796,0.15538005226203944,0.002610913586593265,0.004090444719763458,0.008790563174421815,10QX,1
0.0,0.0296618329173282,0.22336833895404595,0.0,0.0,27JN,5
8.289219329102275e-05,0.14303131250020606,0.009764058033177477,0.0,0.02708307374247142,08MW,5
0.0,0.05079257545455461,0.17071985808312734,0.020663163262871143,0.003697042353440781,06CS,0
0.114003060075608,0.02757926778573784,0.007539416657349495,0.009556747875274758,0.009848903534069932,04OE,0
0.01640665455971673,0.08703989881918486,0.04029662208866534,0.020829320104073876,0.03219053905716366,10HM,0
0.04949350341522541,0.057218428134227436,0.02882935017494107,0.016007577988298608,0.010296138678433911,17LT,0
0.020131251015145905,0.07090849111376947,0.012988039834087542,0.018840087687947274,0.049747482153327124,04OR,5
0.04492813604198978,0.06204288997517554,0.03411515614812012,0.003679069121996805,0.0418910177550248,15UC,4
0.0,0.18330589311001397,0.0,0.0,0.0208401353993463,06WV,1
0.0,0.1425652830340987,0.0,0.0,0.015655578429386852,25KH,5
0.05781178548347855,0.0575348391715415,0.03655125931836941,0.0024342519560752005,0.021750565626734154,04NV,0
0.0,0.015708227571744424,0.2140775196850553,0.001937040652100504,0.010704300766656676,20TN,0
0.04408263856474814,0.055009106176045035,0.030919008816368915,0.01074383208866734,0.042271811461266975,10EJ,4
0.0036075504534713015,0.0,0.23313243987708174,0.0015829723941892485,0.0,06YY,0
0.0072894228883191225,0.015171726691596665,0.1843661480800333,0.0010116008603221873,0.009004044106649282,06YN,5
0.0,0.04462257006179977,0.0,0.020563957752008043,0.22365329541280674,19NW,5
0.0708397466088836,0.018218875143431363,0.01797883630951783,0.050935319585408145,0.027634132891054448,19ML,5
0.0,0.0,0.0,0.0,0.31942240653771703,15YD,5
0.0232129760731863,0.042658037031818516,0.0184795310196961,0.033753788010462395,0.06789893744981536,19AX,0
0.04516799921905488,0.03698452718562042,0.03041152272129734,0.015655044977121495,0.02566481302912329,08XR,0
0.05189910357268678,0.0,0.16908480805887144,0.0,0.0,12PM,4
0.0,0.17216357368938084,0.02070357091387051,0.0,0.0,15UP,1
0.0,0.021106322282319828,0.2026529738696278,3.369222001498809e-05,0.0015451579996456231,20VU,5
0.0411142476012843,0.056715705864083164,0.026707942285768237,0.00451756190214361,0.02740714957792623,17XB,0
0.030691302859267078,0.0909320889100446,0.01934758225806563,0.005955811185384488,0.022282863936961713,01FJ,0
0.11901157439727428,0.027486507341162272,0.0016046687441267935,0.009294938608830211,0.01476205936287388,19ZE,5
0.0,0.04034528201045618,0.1645930670295046,0.0013724847741526153,0.0,31WN,1
0.12978841312466394,0.0070405409025815725,0.0,0.0,0.0,03QA,4
0.12228013159184559,0.005906140633790692,0.020373498575147565,0.0006623627802121644,0.0,31TB,3
0.0,0.0041921564791527425,0.0,0.1640877799819197,0.0023866599859250636,28LR,5
0.08247951552339025,0.022830442986954375,0.02765155503183761,0.03533225935132612,0.013502394140998436,24ZE,4
0.0,0.0,0.2339262188814864,0.0,0.0,11ZL,0
0.12449030577964151,0.0,0.07726382353225,0.0,0.0,09KS,5
0.044198225104072515,0.05181589662913728,0.02619593056279779,0.0,0.027370487612011836,00BB,5
0.0,0.026246512190680187,0.0018823623742542895,0.1416955931205857,0.0,28NM,0
0.027350142806269143,0.14037352466020553,0.015648967428475928,0.0,0.0,09KD,0
0.005512571074335316,0.003101710430717727,0.006863149704173637,0.18446885615275543,0.008067884924111092,28NZ,0
0.12345760739902421,0.020695840389531556,0.0,0.005468054339884809,0.009417615830060382,14HZ,0
0.0,0.0,0.00024381906478735643,0.18863956077402966,0.013338837917630127,30EK,4
0.0,0.022516661061131427,0.17522230381291243,0.0,0.008265626401587544,16GW,5
0.011008236913913052,0.011472433000321854,0.03426627679751384,0.13362259036371166,0.04899194355953755,28TC,4
0.027436690777012364,0.08522708171849916,0.055307144500742395,0.026710007185391356,0.01471525951654594,13ZY,0
0.0033522788801741378,0.16814693686547505,0.012272247670129296,0.004339412944759268,0.0,24CP,5
0.049982762486099654,0.042597385247522976,0.02176676295269381,0.03487823390642632,0.03327734630876963,05DQ,0
0.1052985507150115,0.009930149044105597,0.025565985185730312,0.012485752991558964,0.010520560108904375,14SP,3
0.04057384829200969,0.059887525452858345,0.015416097227148918,0.03487106203455058,0.0356885258736255,13TR,0
0.010547725382972462,0.011829094494825762,0.009498894660473203,0.14446295363037195,0.02185241988726983,30JD,4
0.0,0.0,0.22586968439545219,0.0,0.013256696798815784,18FK,5
0.003172599746042854,0.18941755971470736,0.0,0.004111896990574268,0.016557439338094008,18DT,1
0.024842877915781793,0.005331549594790837,0.1897925970096661,0.003933956995487322,0.0,07RH,5
0.053353697017622305,0.05303209803232746,0.018473420159335174,0.012636179700548547,0.04522225680370907,11MD,4
0.027693642956065093,0.07186677708931608,0.02651902187241364,0.02705917126519176,0.04089933300037656,23HG,5
0.0030489808662155045,0.16437467379766074,0.014034146763276202,0.017479151402220595,0.01195317334424881,05GK,1
0.0,0.037505273316327574,0.17998744124041244,0.003449856550182881,0.01610225552708304,16DZ,0
0.051772833586807704,0.043261632189818926,0.014692839258447221,0.04980654423514444,0.06014633979616083,16DM,0
0.04604541950273559,0.05410057717511226,0.024516792275373022,0.04918067174429563,0.03072232624522944,13LB,5
0.02228667204020398,0.06472085357851501,0.01319047195785433,0.03455104832778651,0.03063564139837449,21GJ,5
0.0,0.003146851848042741,0.000499722820023129,0.0,0.28692996202246,11ZM,5
0.0,0.017254402357639483,0.19353919792127014,0.023233654596345396,0.014309531988560763,09HI,0
0.0,0.0,0.0,0.0,0.3235835815266933,12IY,5
0.13506232599754722,0.010298197155647757,0.0,0.00010007545169638968,0.0,03PS,3
0.03572637442343879,0.07699755220224541,0.01411757973493453,0.03004804112577004,0.03381413692953166,06MJ,0
0.0,0.17275829505816814,0.0016208534360626554,0.0,0.007761959180706777,06LY,1
0.04886391472190399,0.052704920710274925,0.02544000349168108,0.0,0.032844149598806285,17TW,0
0.08353549805284852,0.0442748633797574,0.020374374321629144,0.0,0.02486659958568743,12EZ,0
0.0,0.012671829176086172,0.0,0.009542761257213912,0.26342221836878793,19UK,5
0.04547207341999347,0.07854562582725723,0.016406834440306675,0.004507269119317267,0.03827183102587433,19WC,0
0.0,0.0033384841085738505,0.0,0.0,0.28524701950444936,27PR,5
0.11071501803336567,0.0,0.10075620726977516,0.0,0.0,19CF,0
0.0,0.0,0.23842386876791316,0.0,0.0,31MV,0
0.06234391742127614,0.05108832383864668,0.016872926973126683,0.024676269429190635,0.02511964206261535,17OJ,0
0.014891444406072622,0.10952025327225812,0.017331337228419397,0.023658222957157398,0.02821007080006073,15XA,1
0.0,0.16011114201597967,0.0,0.017456908755765704,0.0,06YO,1
0.057159345677838265,0.05956261541384276,0.014558245413792803,0.017445258752628565,0.02374718293127626,15YR,0
0.0,0.020446625693079732,0.1974366407932325,0.014536734882815405,0.016033672413206326,17CI,0
0.02162992964159678,0.06430516301952172,0.030933353649997115,0.02588993005982056,0.03260192239798807,10GR,5
0.016533186523371622,0.0865639356110893,0.011814886669028765,0.022839681505423304,0.021754249080460974,04CV,0
0.005799825731522269,0.025978350035469985,0.19795839278451405,0.0006876265739264114,0.002259969131217707,15YG,0
0.02289770717495935,0.0760256287370554,0.01717040253992089,0.027109560432817058,0.04126191034245116,10EZ,0
0.09992833938031463,0.030223479731161018,0.0256693426592732,0.009772253170788128,0.002050265132266383,08TE,5
0.11794740172379435,0.01052467434426211,0.0024745988666120006,0.01818030346205017,0.0,19CD,4
0.023280784275931457,0.09371403516931175,0.02366881550614412,0.0,0.037320727433004804,12PY,0
0.011211998326360193,0.08364974414236344,0.007847466573228032,0.04369715330877125,0.032544038937177805,17ZI,5
0.04863556004591193,0.06898272011932037,0.04035857061277723,0.008438469532689362,0.011527511574928281,15MU,4
0.0,0.009135769263119074,0.0,0.024517942189739256,0.21757241398023464,19ZF,5
0.022378432865682037,0.08799663601158171,0.022652187533758743,0.012554320355071006,0.028974676718178622,10RS,0
0.0,0.005255476084820128,0.22601281393737388,0.0,5.81684153109522e-05,04UL,0
0.029855102077045597,0.07612914432484706,0.07356198438426607,0.00479313301592216,0.00485099245502724,03PQ,0
0.0,0.18536487037631874,0.0,0.0,0.009341257983361025,14FR,1
0.0,0.0,0.1954343061550482,0.0,0.04034786223189384,14DZ,5
0.09014434192559052,0.035715664597269554,0.0,0.010564008151413711,0.014416890599110643,26AN,0
0.0013237136711905634,0.006804663764321588,0.004290872997171745,0.17675233967242998,0.008361320555955645,28LF,0
0.024954198703261283,0.01635868514166319,0.14753122297036478,0.003933452942202318,0.0,00MY,5
0.0021211060149303636,0.0,0.006737594132303654,0.0,0.25375521534807494,09FW,5
0.0,0.017926463563039053,0.21609413965975494,0.0,0.00040163298865285145,13NH,0
0.028615053574856265,0.06503544914101975,0.05529451665127757,0.0054138699552200836,0.02629434036754143,09RR,0
0.0,0.0046015770507446705,0.2268761878781056,0.004872534029664359,0.0,13XE,0
0.03972124035243312,0.09631241238804025,0.03634850032273542,0.005842659870708664,0.011931704277373766,11CZ,0
0.0,0.0008319192645977624,0.23781481993116121,0.002313402039178393,0.004748387933263218,05FM,0
0.057619067985065005,0.054946429907022976,0.019326004616317,0.02778648960318212,0.02300100695765963,23HE,0
0.0,0.02146658444013846,0.029645133987231138,0.17239199260721164,0.0035403542909052906,30JG,0
0.10932720512294322,0.0,0.005613985547803636,0.01587791277948486,0.0,23HR,0
0.05073765995353679,0.06351077758942784,0.026992647501886746,0.007683955181864263,0.022086911216943464,18ES,0
0.005851191981944843,0.12950575417377788,0.026733102505269623,0.03320390900499533,0.015218966488439813,16KA,5
0.0015653740530038698,0.009200999506779953,0.0059356799665092564,0.15684860061217845,0.0044078089557359045,21QS,0
0.0,0.05366462978511458,0.008095754042295468,0.011210977753640048,0.19480023802104277,07SO,5
0.009122489862016808,0.1333183521043475,0.005534153386754325,0.021613579834427906,0.03497406048996062,00UI,1
0.02834440663923905,0.07278738365510913,0.017061513634922837,0.016328399047177693,0.03201306507527938,16KV,5
0.1128453859565459,0.012392538570180824,0.0,0.019254972202292962,0.007468646590585409,16HM,0
0.0,0.021963633006270373,0.0,0.1632092376067328,0.0002887535757263133,30FE,0
0.078163198874013,0.0,0.14777184626946618,0.0,0.0,16GB,5
0.09012734635283866,0.0,0.09565116991077285,0.0,0.0,16DY,5
0.0,0.16271408867218562,0.0,0.007837495047987631,0.0028170553671793314,05GH,1
0.06758517790811301,0.06004172056151627,0.02664663739785526,0.017731308047018092,0.016176258380380688,13YW,4
0.0,0.175867639014622,0.0,0.0,0.0,09SW,1
0.0,0.0,0.0,0.01019993137659764,0.30242628491050805,11VZ,5
0.0009945579872797736,0.13876344223471854,0.0035225324320394946,0.009888695430794552,0.0,09DI,1
0.1418720086859059,0.0,0.0,0.0,0.0,28BL,4
0.019040561126226017,0.0738370628697476,0.05161441478470804,0.0012870857358783197,0.016566424825948448,05PA,0
0.03236946147690574,0.06695488082797203,0.004269592993800932,0.011195126024782297,0.026263802429631108,00BW,5
0.0,0.0,0.0016669639536687647,0.025389173078353294,0.27367691339940575,13CY,5
0.11838687372738387,0.012581126699553186,0.0,0.0072230029046430185,0.008280182161039503,14FD,0
0.017983248747970956,0.09865702699817143,0.027009971870702438,0.024534268602670273,0.032703787728484694,13AQ,5
0.004770109573127755,0.01741017398775967,0.21288845790709227,0.0,0.0,11XQ,5
0.06916245911293528,0.0,0.12916812035750688,0.0,0.0,17TC,4
0.03102874839202989,0.06694470604842512,0.019968785362779684,0.03584174224221878,0.03382608818182194,06MI,0
0.10961291903695071,0.004861326648528597,0.0,0.002760637064431785,0.0,17WX,4
0.03755721004170902,0.08364081178226318,0.02514455245279062,0.010252711054570257,0.0356121207471593,03RO,0
0.12341107176890105,0.0013168702273313553,0.003575248923723091,0.0,0.032380388714864226,17UG,0
0.0,0.0,0.0,0.0052420019292607365,0.29721750947620895,17TT,5
0.0,0.030686563000136585,0.20888166257940552,0.003027169551156597,0.0,31WL,5
0.0999006942812759,0.021359110746676974,0.02816411428034748,0.0048769792628850115,0.00013066041815553833,12EY,4
0.044329855968366035,0.06214563185279976,0.022380467494224766,0.0272420780959793,0.030634051742176642,08ON,0
0.122701613226905,0.004509659949210404,0.012018698324035671,0.015372296931399078,0.006028621529269726,22MH,4
0.006006880168981452,0.021820031766619872,0.19784025832696192,0.0,0.010985791731549765,03HA,0
0.0014408570624754682,0.076796189196646,0.02518544037073804,0.04795431413765807,0.037402988960225196,19BA,4
0.0015258118039381716,0.010277034909993097,0.0,0.17043491408001032,0.018092657130063253,29RA,5
0.0,0.00954942266622464,0.0,0.0011028076877173051,0.2832659517709669,19MY,5
0.07839946261623185,0.046656900773289905,0.023966078734385176,0.004287468974912,0.019140714326091945,08UW,0
0.051404140674302996,0.044955717254841515,0.01718058929067991,0.02748400833172597,0.029526637389384682,03AI,0
0.0,0.031821415376984415,0.21310020820560704,0.0,0.0027052949353535416,08SP,0
0.0,0.0,0.0,0.0,0.3113392805760106,04GX,5
0.06884044899852869,0.051651357640133504,0.02079514404912725,0.0105376011873941,0.016370519476750407,06RL,0
0.0056725570255193565,0.0,0.22866538402999737,0.0,0.0,17IY,5
0.0777443129338604,0.031000266821299555,0.0,0.012570529665134255,0.018187901152644806,19RK,0
0.03671242027556708,0.09373073925992252,0.014909225133306598,0.016235387488929148,0.020620132141243468,08JE,0
0.03792633885244868,0.0,0.2002740051145312,0.0,0.0,01AK,5
0.04352684539599288,0.07624448867627406,0.011205267634598115,0.028100155309154374,0.029522665045609974,10ZI,5
0.07422979918834836,0.04807236005105223,0.0,0.012694525885924722,0.022195999549999935,08HM,4
0.0,0.007486458752537825,0.0,0.0,0.277310311316868,15DK,5
0.034817054169029575,0.0,0.17272607298928763,0.013705325462396799,0.01094377121058735,27NP,0
0.11904888561405877,0.02706684418653854,0.0030598883178917595,0.01415073204327392,0.010292482259962115,17RD,4
0.026954533790910933,0.0,0.20203753855203838,0.0,0.0,03VW,5
0.0,0.0,0.0,0.004167168656612823,0.30930828408796995,17QH,5
0.030166197756871734,0.07680908551267868,0.009879454378875406,0.012490347024879306,0.028539229033945644,15JW,0
0.0018535770056926138,0.0,0.0,0.1501431010671315,0.027078268058397057,28KD,5
0.05603320453481854,0.009123072875773094,0.15696473138248482,0.00539605123389862,0.009674081663888012,14AG,5
0.057681227862972584,0.05173848302511818,0.0013653913514680295,0.026093432464893287,0.030026085171858494,18TK,0
0.0,0.040880779090208694,0.19774879076327054,0.004070243940997831,0.0,16ZO,5
0.02985152476808765,0.05773735960995769,0.006568150420993631,0.01889218653690962,0.03521641932697757,13GV,5
0.13269359981411094,0.0122517107971617,0.0,0.0012841075516091388,0.03073850294805572,09BY,0
0.0,0.009901175030007925,0.2217820573113694,0.0,0.006732371446273101,05TN,5
0.04209308276165619,0.0,0.1971574643169671,0.0,0.0,13KB,5
0.0,0.020347199711442325,0.0,0.15397032717813847,0.0033556220720495768,28FC,5
0.0,0.0,0.005406620017811997,0.1505941996272768,0.0,28GP,0
0.008002251076724753,0.16018915676480455,0.007709172467837218,0.010310359978111845,0.0,07MY,1
0.10090862233853322,0.03968487206592034,0.0,0.01751919920672464,0.0,05WB,4
0.06995444419299239,0.02661202026772248,0.010263092590351899,0.02311408000115473,0.024038565294554202,16UW,0
0.0,0.0,0.0007645374942579663,0.16224996255405774,0.0013186720928582741,30TP,5
0.0,0.0,0.0,0.18145099730170391,0.0,28FT,0
0.04458256580727385,0.04597086971200709,0.007729261651083246,0.02589234961057429,0.04470308686539994,07YK,0
0.0,0.0021482285769726843,0.0015128994566586994,0.16442854097282705,0.04805158112280688,28PY,0
0.0,0.020064476371750958,0.010787349974853833,0.14948431525012026,0.026900971093373215,28RF,5
0.0,0.03279851037656254,0.21091281336775158,0.0,0.0034256200508187952,23AL,0
0.0,0.0,0.0,0.004808934423359108,0.31957994323858485,18LM,5
0.06718658546849403,0.051135461404228234,0.028458012613365526,0.010075435161545458,0.029591820429465482,14XR,0
0.0,0.024918344883381995,0.14012853660974395,0.0,0.055182071628090905,18LZ,0
0.06460709409593406,0.046743688608719115,0.008629953620912295,0.030527498443586924,0.022650837681482953,05NW,5
0.016933072048837507,0.08807257847883,0.025160656082935884,0.017951958806170912,0.02551652509742581,16OY,5
0.0,0.008456991206718015,0.22127411634371144,0.0,0.008214327160963986,07VS,5
0.06320134907492854,0.0350691711827766,0.01263399606004289,0.03097614813031883,0.05842726814156759,09ZI,4
0.09390765441038815,0.026721048709785512,0.019920594507684044,0.015547060223612621,0.03212432345577847,11JR,0
0.011992374252425919,0.012129623798256224,0.21429096500121006,0.00462588224541589,0.0,07TM,0
0.0,0.02469953061708647,0.010417615829192055,0.17383361023148744,0.0066541720222365935,28RP,0
0.06693455576584492,0.03132802856711522,0.0340661610790495,0.012274547149026325,0.020416799422304174,07XY,0
0.0046015429912698485,0.015465315407731597,0.1805169084439933,0.004964984835535849,4.661442790769451e-05,09WN,0
0.03823853880684538,0.058604817464122695,0.023830022965178384,0.005237238982394049,0.03700708156173424,30AG,5
0.01993957233962333,0.001227414297238018,0.02499516875752239,0.15175275938908728,0.004976803935532756,28PX,4
0.0,0.01658858251479346,0.2164286705070223,0.006229145813164763,0.002471978851368509,14MR,5
0.0,0.03015419926995371,0.0,0.15435764717015202,0.03369672636616215,28EN,0
0.10564045846069264,0.01262448178357389,0.0,0.009750579514466872,0.008235489651310083,24PU,0
0.0,0.0,0.019639238144642232,0.1680359673488088,0.0,28EY,0
0.14666812777663724,0.0,0.0008316073340480807,0.003091165736687217,0.0,07NT,0
0.002719583982882334,0.0,0.0,0.19382679769612804,0.0,28JV,4
0.02638972997929019,0.09384752044577319,0.022731101833495342,0.0033252583233767345,0.022480265957721495,13GW,0
0.0008649018910994201,0.0,0.0007397620971469731,0.19845427129484317,0.0,28KR,0
0.03081410580181718,0.04265927194547538,0.033235464606520625,0.04924971547709015,0.015562015221836551,16YB,5
0.046863905948939334,0.056691661251762684,0.011632539319412348,0.036075362165221156,0.03428985190201905,03VA,5
0.0,0.005536413532324912,0.0013886936449838756,0.018787904938811655,0.26527071201715113,12MT,5
0.0,0.0009093404319366322,0.0,0.0,0.3177549004027553,17RE,5
0.0,0.0,0.0,0.0,0.31393982579343194,12NX,5
0.1287828758697594,0.007668019277437286,0.0,0.0,0.0,15KE,0
0.04124015897891188,0.04249029701351253,0.0029624587561867676,0.02644381984476995,0.03083648546033458,04RO,5
0.0,0.010201086636179042,0.009643212058159448,0.0,0.2678658377548791,15FU,5
0.03525376061364122,0.057031917075774215,0.025072067062660124,0.021283084986593818,0.017091622766665586,03ZB,0
0.0,0.0,0.0,0.0021795498772379167,0.33666252059589996,15RP,5
0.0,0.0002886867981736901,0.0,0.15547933950327886,0.00027213374253491705,31KD,0
0.0,0.01735342136785939,0.2257526622737061,0.0,3.939659895516241e-05,15PX,5
0.0566744617303622,0.0,0.1586361585177567,0.0,0.0,04JI,5
0.0,0.012029271913719561,0.0,0.15736206426467927,0.016797249595333814,29XD,0
0.12358406678430907,0.0,0.0,0.007103912541895581,0.0,10CJ,4
0.07640306248783026,0.0037243404719218,0.14391872159270228,0.0,0.0,08QN,5
0.037940572695460736,0.052971628018889695,0.012420140230417438,0.0013820714500346902,0.06318560997554727,17EL,0
0.0,0.19768195979154624,0.0,0.0,0.0,27XK,1
0.0,0.008865495487100031,0.2217478317173692,0.0,0.0,03BS,0
0.04077944501215564,0.0,0.19524455344952263,0.0,0.0,03AH,5
0.08431120238448697,0.036237694079064825,0.03923019360999172,0.009360995544857864,0.004294776692448728,17FU,4
0.008360029590896831,0.0019143486042731061,0.011793660182918778,0.142604727230113,0.024830372761782918,31HJ,0
0.002614181370744147,0.0,0.004601165454689059,0.1947384739590862,0.0,31JU,0
0.09412063897005545,0.0,0.10203884102750721,0.0,0.0,03VT,5
0.0,0.0029667743927010953,0.22432952597254832,0.004061893841352339,0.002368804806040497,03VC,0
0.007891284601324548,0.10873740870471511,0.0,0.008128268244907132,0.0398906635647524,08DM,0
0.0,0.02177673447815048,0.0,0.16663036565552675,0.03337080904570243,28JC,0
0.0374747985814214,0.0,0.18534545894068324,0.0,0.0008125605508151944,09LF,5
0.0,0.05874692436920638,0.00867755386451828,0.15150615349403485,0.0002700769758026334,28JT,0
0.0043781388986425555,0.010620258932559745,0.21758523462611076,0.0,0.0013176422495215455,32AP,5
0.0020063897646875133,0.0,0.0,0.1884769175198378,0.0,28EL,4
0.09742194669432468,0.011217204004743898,0.014727672317023599,0.0,0.003751682266994728,09AV,5
0.01673890109812291,0.08500818598458935,0.010581201978670851,0.040738681558739484,0.025503340529815406,21NB,5
0.0336520764536891,0.060867912805233515,0.012528179078571343,0.013755511005780418,0.06958293260664078,14YB,0
0.013358857675078285,0.00033560355109022,0.1932335275444195,0.014031605672036117,0.0,16AF,0
0.04500825310676739,0.0,0.1702165300174558,0.005293814640114289,0.0,07XL,4
0.0,0.019194101267734114,0.0,0.1614476427719634,0.0,28PZ,5
0.0,0.03404403423555157,0.1963948659752199,0.0061542183432483875,0.012963101847558214,09VH,5
0.14558351727563762,0.0,0.0,0.0,0.0,11HX,0
0.021394510883176718,0.10101814739333399,0.021835086899188876,0.004264033242603224,0.024367325810465666,09XC,0
0.0,0.04984788717702726,0.13907719120805798,0.0023592064059002036,0.05553575941313409,13QN,0
0.0,0.0017029018150744423,0.0,0.195960104410453,0.0,30MP,0
0.0,0.16974642917859947,0.0,0.0,0.0,05OF,1
0.0706804057261696,0.03969246941756688,0.008447274408183783,0.021880760947277346,0.018786933602687086,09YQ,2
0.02282301894886646,0.0781289595493132,0.03101480399172251,0.005667574572633824,0.03646634094296356,13SQ,0
0.11476413847535036,0.004263794586591442,0.004238327979442588,0.0054195078277876315,0.0056019212475533365,05NU,5
0.06222236805710047,0.036047669612399844,0.058948946596499546,0.00952430544822974,0.016005210023556527,16MD,4
0.0567889665943539,0.05958856452406415,0.01765142120539339,0.012872974144086917,0.019981953078695623,07ZE,4
0.04079839714516023,0.06269805473645464,0.015645069351956174,0.006404332030293101,0.0440476229584684,18LX,0
0.0,0.0008037392402336024,0.0,0.1963349775413189,0.004048115139998821,28FV,0
0.0,0.20243228439364436,0.0,0.0,0.0,24PA,1
0.09745121910890713,0.0025559899349940195,0.0378492477811647,0.0023613907488426607,0.0,07NW,0
0.0,0.048112680195065725,0.008562045370555807,0.137346564834043,0.0034940254790889677,28GE,0
0.0,0.0,0.0,0.1835949782333974,0.0,28FA,0
0.058955483664857325,0.054874654959470984,0.024166275994717084,0.017887669511757017,0.02335137546072006,07BC,0
0.00456940059545537,0.0,0.006623501540671208,0.17916263757460607,0.010946845538254042,28JU,0
0.0,0.0,0.0,0.0,0.31421713648214056,05XX,5
0.0,0.02138955542783844,0.20584777753124514,0.004128635489506141,0.006252525033281737,13GC,5
0.028375355334925703,0.012296265900701464,0.1685981113583893,0.016379423574279937,0.0005867436557431802,03WF,0
0.05195917420772601,0.06506059870542037,0.012605082531120245,0.018793715399189583,0.03355692700668377,03VB,0
0.10436315630331373,0.0,0.1153799563504834,0.0,0.0,03UY,5
0.010310810230053473,0.1215288136418565,0.003951280690022095,0.01516853509968433,0.055840103715795834,06IS,1
0.0,0.1834988565095761,0.0013168144952844492,0.0020821414344446834,0.0,03TJ,1
0.025069484687927246,0.054417460299804266,0.08792939433626383,0.005756959334601018,0.01333732907169016,03UN,0
0.03788626787521783,0.08548781940296771,0.006653319872665456,0.02419642634050822,0.023141668378808156,12CK,5
0.04599686799916641,0.07894285868966483,0.021368719351048178,0.020702033920025172,0.03432928197622477,19PA,0
0.003944585355947661,0.1527876147487613,0.00966478611380935,0.004764045695269776,0.0,03XI,1
0.0,0.00385443090087713,0.2218350884357427,0.00224962306975282,0.001087161280225611,03YM,5
0.08480965123226032,0.04299386878073651,0.004763817390943942,0.022054260704986763,0.020334920697318806,06RY,5
0.029783170288386233,0.00183307364067009,0.15887059868801306,0.027193826078963132,0.002922273779361668,12WN,4
0.0,0.14069051794043413,0.0,0.03467307048770593,0.0,29XG,5
0.0003934801646328248,0.0,0.0,0.0,0.3212994694003389,10MB,5
0.0,0.029909960848759135,0.19661106890851257,0.001670350014725871,0.016808148020884053,04JJ,0
0.006096713448183514,0.0,0.2241963302809503,0.0,0.0,12TB,5
0.004836635848926957,0.0414682096610855,0.010268269662973393,0.10473682473648442,0.04619892059150542,29WH,0
0.0,0.015090527577784852,0.0,0.18675155879936234,0.013650725259054622,31EL,0
0.0,0.16820482901091324,0.0,0.006293631868675265,0.027450061259897983,04FI,1
0.0974607004568649,0.0010686756249478912,0.00917208083085049,0.010703566259766982,0.04003726025583357,19KK,4
0.0,0.005187075391094557,0.2241984745893982,0.0,0.0,27XH,5
0.03922136268519134,0.0573483466787881,0.012003841527020637,0.030830092368346874,0.03672835385085104,08PM,0
0.0,0.0,0.0,0.17814941222885572,0.0,29YP,5
0.06235610946126918,0.0,0.14371121271539888,0.0014717085317414735,0.0,06QF,5
0.09589818952405123,0.020415118333295273,0.026003084337522006,0.005486632631710002,0.0,17JD,4
0.002996740691945004,0.0,0.008520965850988738,0.17772888865891445,0.038796831751389156,31KC,5
0.017781950439694043,0.08829732745447397,0.015709303748336248,0.015403636885330222,0.034984230831486635,31JG,0
0.1091601022233185,0.013727166471851356,0.0,0.009295683080815699,0.0012842811618370613,06FO,0
0.07631467844653521,0.04896864248638312,0.04005701549109942,0.0,0.011311069696982347,12MS,4
0.0,0.17521585916541213,0.0,0.029285277360400937,0.001056722066523529,10UW,1
0.0,0.15843518554439032,0.0,0.007046997381158672,0.0,17PJ,1
0.09342396210596092,0.013992563140481978,0.033624439889090675,0.01357875088417563,0.0021634158041317635,06IW,0
0.0,0.005349886174574656,0.002126185322403864,0.1703627926438448,0.035799161343345196,28HN,0
0.0,0.0,0.0,0.0,0.32325000860936315,18TM,5
0.025398536944259642,0.084340867236369,0.02188436178874557,0.011363073503327855,0.026620853634199613,00FI,0
0.0,0.02994183914747383,0.0,0.1705798821846587,0.0,28HY,0
0.0033778709527596106,0.0131386235532632,0.18528355046335523,0.026381156707333278,0.010351394401154847,32BY,5
0.0,0.017236499552522273,0.22677328567997712,0.0,0.0,18VR,0
0.0,0.03792172154158855,0.16577232173903814,0.0,0.01498799752216377,16UQ,0
0.06828303229131065,0.04423955412199793,0.016618850581478505,0.029461930974342382,0.02700553335297078,23WG,0
0.026706882241216447,0.06124669776718625,0.009106783406414775,0.03633548133310163,0.041556664846360114,14LQ,5
0.0,0.0010268415035470633,0.0,0.14578313095296733,0.0,28GA,0
0.07783568388985987,0.027956264896964532,0.04437102914987618,0.013843378725544938,0.008664185881549486,30UE,0
0.0034679901575202913,0.0,0.20209400926198934,0.0024971865726856166,0.004077598505209601,16BO,5
0.011619304879656856,0.0016749541339785377,0.20933574380764106,0.0,0.019758476133933743,18NC,5
0.04087973109460841,0.0007905326297674295,0.16023490656302178,0.004637610018431194,0.0003985769781300012,09UA,0
0.020912155813954128,0.07585335578814328,0.02772271696417834,0.02350909091559995,0.03913005964544505,18MO,0
0.04469875406520687,0.0,0.18365522976069829,0.0,0.0,11KQ,5
0.052739302064863595,0.03484519217838483,0.06126013812632856,0.013460117059222992,0.002857495047484284,07UO,0
0.0006014418346754651,0.15739583306620905,0.020272299540100125,0.0008996385416469223,0.0,Unnamed_School,4
0.013758006330846353,0.04517664332909777,0.0019166749065560507,0.01769429590059919,0.06579360742623734,16NZ,5
0.015151777773055689,0.1049678113439408,0.02947308849436878,0.00477874439783896,0.015189637008924388,07WP,0
0.0,0.16672988497074467,0.0,0.0,0.0,16NM,1
0.0,0.18811687752107123,0.010316874174136206,0.0,0.0,14XB,1
0.0,0.008915450435917193,0.01301082073406132,0.16250318350667228,0.01122733259678892,28RA,0
0.05084811301322429,0.006406375390110472,0.15604932134925675,0.0,0.006475221054519006,24DV,5
0.14376152998940644,0.004682174159031156,0.004425590260442825,0.005687251047021173,0.0016917022632290473,07XH,3
0.03322682265076261,0.00900875277463527,0.004703116357024366,0.010464984429493309,0.10712149187003946,18LJ,0
0.06306612575526131,0.0,0.13200958384845818,0.023995165170739272,0.011250724360357569,18MY,5
0.03741871863989804,0.013475241022107808,0.16746688043971933,0.011178620165246617,0.0,07NR,0
0.06487055621897242,0.05041371724460477,0.03501103845708078,0.01893092318735341,0.016624200054596302,23VU,4
0.10990493172626234,0.026772542623990526,0.005881798097787185,0.0006744312497118367,0.010125936711549394,11RR,4
0.01064274972554808,0.0,0.007825345169848782,0.12287082012677453,0.0823695564460647,30TW,0
0.003216801966245865,0.0,0.006800312778478219,0.15197340506926027,0.08095423819254381,30WL,4
0.0,0.1650417267534159,0.011659502927553802,0.010429125789275002,0.0,07LZ,1
0.004183243868118891,0.15484013597545368,0.025920593696510667,0.012315450393180953,0.0,14MT,5
0.0,0.0004068491455946585,0.23022263531391984,0.0,0.0,13KR,5
0.0,0.00322519644465524,0.0,0.18155751281126503,0.015887960478417163,28EH,0
0.0,0.041115215374665226,0.0,0.15218047422667216,0.0,30YG,0
0.07842952447945048,0.035987834862421846,0.04945167256408977,0.019275196559937105,0.020673771089275594,21AI,4
0.0017142034162647814,0.014164320508482169,2.8532829226895137e-05,0.19319470947991324,0.008781301792432594,28KT,2
0.0,0.009292977791395625,0.22141959482968449,0.0,5.6520534412923766e-05,32AT,5
0.005802543772463938,0.004736821175072653,0.0128331628136379,0.19947465602730505,0.0,28JP,4
0.016562413756314658,0.1083774103968928,0.02420032476569832,0.01600170579540755,0.031063283947944727,20HQ,0
0.05809880994870985,0.0,0.14829584497104953,0.0,0.0,08FA,5
0.0,0.20796882230224437,0.0,0.0,0.0,27LH,1
0.0689957030114436,0.048322277631242944,0.02522589322551333,0.02944781361200868,0.02345314225159699,03VP,0
0.013939175272010594,0.014117949913824333,0.16975456748819237,0.0,0.043130709993071684,08DI,5
0.0,0.19684901004462166,0.017595402501562326,0.00034845923799488716,0.0,10WI,1
0.13377237753131033,0.014522171044888043,0.0009028258642412061,0.012930103649684003,0.0,10ZN,3
0.0901644822849384,0.016638606328834873,0.012867158747710352,0.01046910732322391,0.01258435068675733,20SL,0
0.14204807500374922,0.0,0.0,0.009376084493709396,0.0,31KB,3
0.0,0.008379132493465597,0.2251051676555756,0.0,0.0,15QM,0
0.05339377508470176,0.052581753653613,0.015326270723687835,0.0062697296306654235,0.02103799735014274,08RD,0
0.09569797375535774,0.019281653698507307,0.0,0.010767754781799158,0.0,10AS,4
0.014372733897458821,0.0,0.20601593477281277,0.0,0.028675078666375458,10CY,5
0.06295173677186841,0.06582977689164106,0.03414995960761148,0.013732069716455183,0.0,29XW,4
0.0690827285066158,0.05643435120169739,0.012450423867403597,0.0075912128113730035,0.01628002948397292,17JP,5
0.070353636130562,0.05317561723836678,0.00810655228314417,0.0053668786716303705,0.019307436406747886,15RT,5
0.02585168322083171,0.07241626791982,0.035510624445184005,0.005146380703077027,0.024228984064915124,01VG,5
0.004609005805684626,0.11764670983596817,0.006751100057438256,0.04201169557128598,0.04289286390370241,12TR,5
0.1161552133628808,0.01017995337036421,0.0,0.007595042386747129,0.001148099298680497,12UA,0
0.0357920853687522,0.0633174994192805,0.014710573880828288,0.014907576777089116,0.03916311882617075,04KI,5
0.0,0.015461421281486174,0.2137528168847937,0.0,0.0033234363895580433,12TE,5
0.0,0.01956067748783211,0.1934226931502889,0.005495380206090042,0.00989350946251211,19QB,5
0.0,0.0,0.0,0.011791578091704745,0.27030238726240946,10XS,5
0.014170203645260806,0.11979395104880383,0.0029614360017953265,0.022601743489589644,0.05111681026039838,06GH,1
0.11309454949071102,0.0,0.0,0.011162044257027125,0.032959965073370685,12LT,0
0.025766584991144086,0.045698272792283216,0.04087904072288761,0.0038310908506373354,0.056951890529033676,08EO,0
0.058880758452482834,0.05017038615939544,0.01328686981109264,0.02475504931757667,0.02580639142944603,04PT,0
0.0,0.052654444559586525,0.19220497852605192,0.0,0.012204771581013261,32BM,5
0.0,0.008121457073623767,0.0,0.16893159188039453,0.0,28KV,0
0.004563255340956249,0.010157574212359069,0.007286598034307323,0.1705152984215397,0.00858558799928623,28HM,0
0.056373441000687016,0.026275763248899277,0.028384944245193736,0.0006480865294077499,0.06583886178063283,13FW,4
0.0,0.021175331819903397,0.0,0.1665161599184513,0.03345345676264972,28JR,0
0.05222432266280765,0.035267715486149896,0.013410326787788552,0.009760546387204298,0.05304990882270326,18VQ,4
0.04094583646530651,0.0027273576820935064,0.00020523632538199533,0.01814108337366348,0.04038003389034026,05ZW,3
0.0,0.012252464778558743,0.015156594962319051,0.17578104063007674,0.02605176519222781,28HZ,0
0.014573509132563498,0.050606796723493205,0.023789582586000498,0.06633225210550364,0.04356903029832588,14LR,0
0.005606572959373458,0.0,0.010254503295623767,0.21095866358470167,0.0,28EJ,2
0.0,0.04047413780860038,0.004027447569136984,0.13410035503677886,0.01583742737246888,30TU,5
0.04173183557441694,0.060918111172508574,0.032006425144070816,0.03420529809945033,0.04885877287608843,30WY,0
0.0,0.0,0.23973759002255113,0.0,0.0,09AG,5
0.07819057269414278,0.0352953917645592,0.025703116353368295,0.0196852529555288,0.021916419917458428,16BL,4
0.0,0.0,0.0,0.0,0.3080998674783005,11GF,5
0.0,0.13506869557475856,0.0,0.0,0.0,18AX,1
0.0,0.03003422663850769,0.0,0.15516138772634247,0.0,30MW,0
0.009917102177331468,0.15597198262466563,0.0029291282386836805,0.007877715950503978,0.0004036529719713426,13PM,1
0.023385108437819546,0.08664098901515689,0.014788419603863168,0.020863910964879075,0.044452727416208114,05LL,0
0.0,0.011327181921690936,0.20612780033948308,0.014444254736760196,0.005613682351201899,11HH,5
0.0772209362539475,0.027032868058119622,0.02238597688814282,0.032894679478067845,0.06536436379572928,18BB,0
0.04500618622876845,0.06177458966924417,0.019790158548991674,0.016402158863321362,0.03715265954028865,16BZ,5
0.011166086600656442,0.0,0.1929028910491551,0.02348108859885037,0.0,18LI,0
0.00995913441862337,0.01240381598201325,0.00285627489595174,0.17188096025745908,5.7793120554065103e-05,28RB,0
0.039708988604470044,0.07295131091848653,0.026358027654397806,0.018188994267502673,0.028140075089426494,09TG,0
0.036048059248155816,0.0,0.19539842561985593,0.0,0.014532253013150002,18MM,5
0.03714227117701403,0.059412511488115,0.03138517560190369,0.012031390581230853,0.03091490851755967,05CC,5
0.0,0.0,0.0,0.0,0.3084092486200746,18OE,5
0.0,0.04579508819750245,0.0,0.16868532667901434,0.0,28RU,0
0.0,0.00783883602080305,0.0,0.1703519510368876,0.0,28PJ,0
0.0,0.17648143373957204,0.002725493740428228,0.0,0.008009669167685963,16CI,1
0.0074466033107129705,0.13053633707905754,0.0,0.03941955422678422,0.02403211520629765,07ZC,1
0.03910494712488041,0.07850210856382298,0.06238465283137944,0.009942077454531677,0.012036764010446269,18NA,0
0.0,0.002310363139797253,0.0,0.18771587990243338,0.0,28FG,0
0.0,0.033857083413868665,0.004394627019588199,0.01091195504715948,0.2374597703968708,09AF,5
0.05435721912871977,0.05935517970288695,0.018471563519360575,0.02779940443296094,0.01384096464122657,21NR,0
0.0,0.00140422359729686,0.22802785266280842,0.0,0.0020682747715095626,23WR,0
0.0,0.003143222105817933,0.20414429335393555,0.0,0.009154357401923593,18YH,5
0.0005308100560729375,0.0,0.0,0.17470619340642587,0.0,28EK,5
0.0,0.0016194443924948338,0.23235489290364175,0.0,0.0,16US,5
0.0010003756356811826,0.017326144406111414,0.02122631591440683,0.17791688755720694,0.0,28GT,0
0.0036180272503580197,0.0,0.00778058273582729,0.17260408532365934,0.0,28JD,0
0.0,0.015484844469944197,0.0,0.1673006149472664,0.0,30XW,0
0.008161173301864551,0.0,0.2264547373651037,0.00046982492947302825,0.002199262520453421,32AW,5
0.002562251359747672,0.011587974790963618,0.20742329748130003,0.0012662429789702498,0.007446030162288812,08EN,0
0.08493581398747273,0.026379662799267668,0.02214653325780883,0.0,0.020341643904749355,17PH,4
0.042454467652724925,0.08776152527189823,0.03832780271512839,0.0037971714665534792,0.017140672443874058,15KW,0
0.05738170879786099,0.04619118450440011,0.023741963968407446,0.03157118417296282,0.03231092844459757,12AR,0
0.07082296681298139,0.03896797375141893,0.05613541021960729,0.013444305477310372,0.00840004556633224,20QP,0
0.041073251710239136,0.06419776122003339,0.040534628972741724,0.0,0.03234854835009255,22KK,0
0.021940242424190345,0.09663792524388894,0.00872293767046421,0.03717454746766823,0.022998333904709945,20QG,5
0.04490006130670924,0.0,0.175824645483238,0.0,0.0,27TZ,4
0.0,0.006817198589133325,0.0,0.1746283646084206,0.055221337966315884,29YR,0
0.05798106377113937,0.06932829493446777,0.03104342849375337,0.0,0.06245648352713339,15PJ,4
0.0,0.0032791458992664385,0.0017974309202847586,0.009107394097630764,0.295770806503156,17FE,5
0.0,0.0,0.0,0.1852390686564606,0.0,29WY,4
0.0,0.01628314804086905,0.0,0.0017247803615835177,0.2732205482586608,17FR,5
0.04536629390131143,0.0476999635538493,0.010887514565281366,0.01699865135962175,0.05173007336311919,10CO,0
0.06537762831098295,0.0,0.15793566588539595,0.0,0.0,03BA,5
0.04673297859034207,0.06505598787015708,0.011765147117298858,0.022890388199795653,0.009927264611856078,04EC,0
